smiles,y,Class,input,output
N#CC(OC1OC(COC2OC(CO)C(O)C(O)C2O)C(O)C(O)C1O)c1ccccc1,1.0880883734583062,test,N#CC(OC1OC(COC2OC(CO)C(O)C(O)C2O)C(O)C(O)C1O)c1ccccc1,N#CC(OC1OC(COC2OC(CO)C(O)C(O)C2O)C(O)C(O)C1O)c1ccccc1
Cc1occc1C(=O)Nc1ccccc1,-0.1192539492923848,test,Cc1occc1C(=O)Nc1ccccc1,Cc1occc1C(=O)Nc1ccccc1
CC(C)=CCCC(C)=CC=O,0.4724869519767284,train,CC(C)=CCCC(C)=CC=O,CC(C)=CCCC(C)=CC=O
c1ccc2c(c1)ccc1c2ccc2c3ccccc3ccc21,-2.300105496711617,test,c1ccc2c(c1)ccc1c2ccc2c3ccccc3ccc21,c1ccc2c(c1)ccc1c2ccc2c3ccccc3ccc21
c1ccsc1,0.8208505470787065,test,c1ccsc1,c1ccsc1
c1ccc2scnc2c1,0.7397247783563281,train,c1ccc2scnc2c1,c1ccc2scnc2c1
Clc1cc(Cl)c(-c2c(Cl)cccc2Cl)c(Cl)c1,-2.037639774374511,train,Clc1cc(Cl)c(-c2c(Cl)cccc2Cl)c(Cl)c1,Clc1cc(Cl)c(-c2c(Cl)cccc2Cl)c(Cl)c1
CC12CCC3c4ccc(O)cc4CCC3C1CCC2O,-0.9448279486436482,train,CC12CCC3c4ccc(O)cc4CCC3C1CCC2O,CC12CCC3c4ccc(O)cc4CCC3C1CCC2O
ClC1=C(Cl)C2(Cl)C3C4CC(C5OC45)C3C1(Cl)C2(Cl)Cl,-1.5461130579977471,test,ClC1=C(Cl)C2(Cl)C3C4CC(C5OC45)C3C1(Cl)C2(Cl)Cl,ClC1=C(Cl)C2(Cl)C3C4CC(C5OC45)C3C1(Cl)C2(Cl)Cl
C=C(C)C1Cc2c(ccc3c2OC2COc4cc(OC)c(OC)cc4C2C3=O)O1,-0.6537296020515841,test,C=C(C)C1Cc2c(ccc3c2OC2COc4cc(OC)c(OC)cc4C2C3=O)O1,C=C(C)C1Cc2c(ccc3c2OC2COc4cc(OC)c(OC)cc4C2C3=O)O1
O=C1CCCN1,1.966155517276991,test,O=C1CCCN1,O=C1CCCN1
Clc1ccc2ccccc2c1,-0.5201106888617842,train,Clc1ccc2ccccc2c1,Clc1ccc2ccccc2c1
C=CCCC,0.1766165013421717,train,C=CCCC,C=CCCC
CCC1(c2ccccc2)C(=O)NCNC1=O,0.1957049175121431,test,CCC1(c2ccccc2)C(=O)NCNC1=O,CCC1(c2ccccc2)C(=O)NCNC1=O
CCCCCCCCCCCCCC,-2.343054433094053,train,CCCCCCCCCCCCCC,CCCCCCCCCCCCCC
CC(C)Cl,0.7826737147387638,train,CC(C)Cl,CC(C)Cl
CCC(C)CO,1.2312514947330917,train,CCC(C)CO,CCC(C)CO
N#Cc1ccccc1,0.9783299804809706,train,N#Cc1ccccc1,N#Cc1ccccc1
CCOP(=S)(OCC)Oc1cc(C)nc(C(C)C)n1,-0.2815054867371419,train,CCOP(=S)(OCC)Oc1cc(C)nc(C(C)C)n1,CCOP(=S)(OCC)Oc1cc(C)nc(C(C)C)n1
CCCCCCCCCC(C)O,0.0525417962373576,train,CCCCCCCCCC(C)O,CCCCCCCCCC(C)O
Clc1ccc(-c2c(Cl)ccc(Cl)c2Cl)c(Cl)c1,-2.090132918841932,train,Clc1ccc(-c2c(Cl)ccc(Cl)c2Cl)c(Cl)c1,Clc1ccc(-c2c(Cl)ccc(Cl)c2Cl)c(Cl)c1
O=c1[nH]c2c(c(=O)n1C1CCCCC1)CCC2,-0.7367642123909596,test,O=c1[nH]c2c(c(=O)n1C1CCCCC1)CCC2,O=c1[nH]c2c(c(=O)n1C1CCCCC1)CCC2
CCOP(=S)(OCC)SCSCC,-0.5057943767343059,train,CCOP(=S)(OCC)SCSCC,CCOP(=S)(OCC)SCSCC
CCOc1ccc(NC(C)=O)cc1,0.3340959347444358,train,CCOc1ccc(NC(C)=O)cc1,CCOc1ccc(NC(C)=O)cc1
CCN(CC)c1c([N+](=O)[O-])cc(C(F)(F)F)c(N)c1[N+](=O)[O-],-1.1548005265133334,train,CCN(CC)c1c([N+](=O)[O-])cc(C(F)(F)F)c(N)c1[N+](=O)[O-],CCN(CC)c1c([N+](=O)[O-])cc(C(F)(F)F)c(N)c1[N+](=O)[O-]
CCCCCCCO,0.5917895530390497,train,CCCCCCCO,CCCCCCCO
Cn1c(=O)c2[nH]cnc2n(C)c1=O,0.7922179228237495,train,Cn1c(=O)c2[nH]cnc2n(C)c1=O,Cn1c(=O)c2[nH]cnc2n(C)c1=O
CCCCC1(CC)C(=O)NC(=O)NC1=O,0.6628939032721932,train,CCCCC1(CC)C(=O)NC(=O)NC1=O,CCCCC1(CC)C(=O)NC(=O)NC1=O
ClC(Cl)=C(c1ccc(Cl)cc1)c1ccc(Cl)cc1,-1.837211404589812,test,ClC(Cl)=C(c1ccc(Cl)cc1)c1ccc(Cl)cc1,ClC(Cl)=C(c1ccc(Cl)cc1)c1ccc(Cl)cc1
CCCCCCCC(=O)OC,-0.0572165967399778,train,CCCCCCCC(=O)OC,CCCCCCCC(=O)OC
CCc1ccc(CC)cc1,-0.3339986312045632,train,CCc1ccc(CC)cc1,CCc1ccc(CC)cc1
CCOP(=S)(OCC)SCSC(C)(C)C,-0.8135950874750947,train,CCOP(=S)(OCC)SCSC(C)(C)C,CCOP(=S)(OCC)SCSC(C)(C)C
COC(=O)Nc1cccc(OC(=O)Nc2cccc(C)c2)c1,-0.8374556076875588,valid,COC(=O)Nc1cccc(OC(=O)Nc2cccc(C)c2)c1,COC(=O)Nc1cccc(OC(=O)Nc2cccc(C)c2)c1
C=C(Cl)Cl,0.6729153217614282,train,C=C(Cl)Cl,C=C(Cl)Cl
Cc1cccc2c1Cc1ccccc1-2,-1.0354979254510122,valid,Cc1cccc2c1Cc1ccccc1-2,Cc1cccc2c1Cc1ccccc1-2
CCCCC=O,1.0499115411183633,train,CCCCC=O,CCCCC=O
c1ccc(Nc2ccccc2)cc1,-0.2166048717592391,test,c1ccc(Nc2ccccc2)cc1,c1ccc(Nc2ccccc2)cc1
CN(C)C(=O)SCCCCOc1ccccc1,-0.4184648727566867,train,CN(C)C(=O)SCCCCOc1ccccc1,CN(C)C(=O)SCCCCOc1ccccc1
CCCOP(=S)(OCCC)SCC(=O)N1CCCCC1C,-0.5248827929042774,test,CCCOP(=S)(OCCC)SCC(=O)N1CCCCC1C,CCCOP(=S)(OCCC)SCC(=O)N1CCCCC1C
CCCCCCCI,-0.8398416597088052,train,CCCCCCCI,CCCCCCCI
Clc1cccc(-c2ccccc2)c1,-0.8732463880062553,train,Clc1cccc(-c2ccccc2)c1,Clc1cccc(-c2ccccc2)c1
C=CCCCO,1.3839588240928629,train,C=CCCCO,C=CCCCO
O=C1NC(=O)C2(CCC2)C(=O)N1,0.665757165697689,test,O=C1NC(=O)C2(CCC2)C(=O)N1,O=C1NC(=O)C2(CCC2)C(=O)N1
CC1CCC(C(C)C)C(O)C1,0.2481980619795646,train,CC1CCC(C(C)C)C(O)C1,CC1CCC(C(C)C)C(O)C1
CC(C)OC=O,1.1548978300532062,train,CC(C)OC=O,CC(C)OC=O
CCCCCC(C)O,0.7158642581438638,train,CCCCCC(C)O,CCCCCC(C)O
CC(=O)Nc1ccc(Br)cc1,-0.0156992915702901,train,CC(=O)Nc1ccc(Br)cc1,CC(=O)Nc1ccc(Br)cc1
Nc1cnn(-c2ccccc2)c(=O)c1Br,-0.0366965493572585,train,Nc1cnn(-c2ccccc2)c(=O)c1Br,Nc1cnn(-c2ccccc2)c(=O)c1Br
COC(=O)C1=C(C)NC(C)=C(C(=O)OC)C1c1ccccc1[N+](=O)[O-],-0.815981139496341,test,COC(=O)C1=C(C)NC(C)=C(C(=O)OC)C1c1ccccc1[N+](=O)[O-],COC(=O)C1=C(C)NC(C)=C(C(=O)OC)C1c1ccccc1[N+](=O)[O-]
Cc1ccc2ccc(C)nc2c1,0.5297522004866427,train,Cc1ccc2ccc(C)nc2c1,Cc1ccc2ccc(C)nc2c1
C#CCCCCCC,-0.2910496948221276,train,C#CCCCCCC,C#CCCCCCC
CCC1(C2=CCCCC2)C(=O)NC(=O)NC1=O,0.4199938075093071,test,CCC1(C2=CCCCC2)C(=O)NC(=O)NC1=O,CCC1(C2=CCCCC2)C(=O)NC(=O)NC1=O
c1ccc2c(c1)ccc1c3ccccc3ccc21,-2.389343842306234,train,c1ccc2c(c1)ccc1c3ccccc3ccc21,c1ccc2c(c1)ccc1c3ccccc3ccc21
CCC(C)n1c(=O)[nH]c(C)c(Br)c1=O,0.2515385348093094,train,CCC(C)n1c(=O)[nH]c(C)c(Br)c1=O,CCC(C)n1c(=O)[nH]c(C)c(Br)c1=O
Clc1cccc(-c2c(Cl)c(Cl)cc(Cl)c2Cl)c1Cl,-2.648469091813596,train,Clc1cccc(-c2c(Cl)c(Cl)cc(Cl)c2Cl)c1Cl,Clc1cccc(-c2c(Cl)c(Cl)cc(Cl)c2Cl)c1Cl
Cc1ccccc1O,1.1596699340956989,train,Cc1ccccc1O,Cc1ccccc1O
CC(C)CCC(C)(C)C,-0.9543721567286336,train,CC(C)CCC(C)(C)C,CC(C)CCC(C)(C)C
Cc1ccc(C)c2ccccc12,-0.5201106888617842,train,Cc1ccc(C)c2ccccc12,Cc1ccc(C)c2ccccc12
Cc1cc2c3ccccc3ccc2c2ccccc12,-1.6797319711875471,train,Cc1cc2c3ccccc3ccc2c2ccccc12,Cc1cc2c3ccccc3ccc2c2ccccc12
CCCC(C)=O,1.3648704079228915,train,CCCC(C)=O,CCCC(C)=O
Clc1cc(Cl)c(Cl)c(-c2c(Cl)c(Cl)cc(Cl)c2Cl)c1Cl,-2.9109348141507025,train,Clc1cc(Cl)c(Cl)c(-c2c(Cl)c(Cl)cc(Cl)c2Cl)c1Cl,Clc1cc(Cl)c(Cl)c(-c2c(Cl)c(Cl)cc(Cl)c2Cl)c1Cl
CCCOC(=O)CC,1.064227853245842,train,CCCOC(=O)CC,CCCOC(=O)CC
CC12C=CC(=O)C=C1CCC1C3CC(O)C(O)(C(=O)CO)C3(C)CC(O)C12F,-0.3005939029071133,train,CC12C=CC(=O)C=C1CCC1C3CC(O)C(O)(C(=O)CO)C3(C)CC(O)C12F,CC12C=CC(=O)C=C1CCC1C3CC(O)C(O)(C(=O)CO)C3(C)CC(O)C12F
Nc1ccc(O)cc1,1.0737720613308277,train,Nc1ccc(O)cc1,Nc1ccc(O)cc1
O=C(Cn1ccnc1[N+](=O)[O-])NCc1ccccc1,0.1145791487897646,test,O=C(Cn1ccnc1[N+](=O)[O-])NCc1ccccc1,O=C(Cn1ccnc1[N+](=O)[O-])NCc1ccccc1
O=C1C(O)=C(C2CCC(c3ccc(Cl)cc3)CC2)C(=O)c2ccccc21,-1.374794522872254,test,O=C1C(O)=C(C2CCC(c3ccc(Cl)cc3)CC2)C(=O)c2ccccc21,O=C1C(O)=C(C2CCC(c3ccc(Cl)cc3)CC2)C(=O)c2ccccc21
CCNc1nc(Cl)nc(N(CC)CC)n1,-0.4819338565218414,train,CCNc1nc(Cl)nc(N(CC)CC)n1,CCNc1nc(Cl)nc(N(CC)CC)n1
NC(=O)c1cnccn1,1.137241045095983,test,NC(=O)c1cnccn1,NC(=O)c1cnccn1
CCC(Br)(CC)C(=O)NC(N)=O,0.1766165013421717,train,CCC(Br)(CC)C(=O)NC(N)=O,CCC(Br)(CC)C(=O)NC(N)=O
Clc1ccccc1-c1ccccc1Cl,-1.0593584456634764,train,Clc1ccccc1-c1ccccc1Cl,Clc1ccccc1-c1ccccc1Cl
O=C1CN(N=Cc2ccc([N+](=O)[O-])o2)C(=O)N1,-0.1574307816323277,test,O=C1CN(N=Cc2ccc([N+](=O)[O-])o2)C(=O)N1,O=C1CN(N=Cc2ccc([N+](=O)[O-])o2)C(=O)N1
O=[N+]([O-])c1ccc(Oc2ccc(Cl)cc2Cl)cc1,-1.1500284224708406,train,O=[N+]([O-])c1ccc(Oc2ccc(Cl)cc2Cl)cc1,O=[N+]([O-])c1ccc(Oc2ccc(Cl)cc2Cl)cc1
CC12CCC(CC1=O)C2(C)C,0.520207992401657,valid,CC12CCC(CC1=O)C2(C)C,CC12CCC(CC1=O)C2(C)C
C=CCC1(c2ccccc2)C(=O)NC(=O)NC1=O,0.3250289370636993,train,C=CCC1(c2ccccc2)C(=O)NC(=O)NC1=O,C=CCC1(c2ccccc2)C(=O)NC(=O)NC1=O
CCCCC(=O)OCC,0.3818169751693643,train,CCCCC(=O)OCC,CCCCC(=O)OCC
CC(=O)OCCC(C)C,0.5392964085716284,train,CC(=O)OCCC(C)C,CC(=O)OCCC(C)C
CCCCCC(=O)OCN1C(=O)NC(c2ccccc2)(c2ccccc2)C1=O,-1.3533200546810362,train,CCCCCC(=O)OCN1C(=O)NC(c2ccccc2)(c2ccccc2)C1=O,CCCCCC(=O)OCN1C(=O)NC(c2ccccc2)(c2ccccc2)C1=O
Clc1cccc(-c2cc(Cl)ccc2Cl)c1,-1.412494144807947,train,Clc1cccc(-c2cc(Cl)ccc2Cl)c1,Clc1cccc(-c2cc(Cl)ccc2Cl)c1
CCCBr,0.6299663853789925,train,CCCBr,CCCBr
CCCC1COC(Cn2cncn2)(c2ccc(Cl)cc2Cl)O1,-0.2113555573124971,test,CCCC1COC(Cn2cncn2)(c2ccc(Cl)cc2Cl)O1,CCCC1COC(Cn2cncn2)(c2ccc(Cl)cc2Cl)O1
COP(=S)(OC)SCC(=O)N(C)C=O,0.503505628252932,train,COP(=S)(OC)SCC(=O)N(C)C=O,COP(=S)(OC)SCC(=O)N(C)C=O
Cc1ncnc2nccnc12,1.2331603363500887,train,Cc1ncnc2nccnc12,Cc1ncnc2nccnc12
NC(N)=S,1.6082477140900269,train,NC(N)=S,NC(N)=S
Cc1ccc(C)cc1,0.1336675649597361,train,Cc1ccc(C)cc1,Cc1ccc(C)cc1
CCc1ccccc1CC,-0.1097097412073991,train,CCc1ccccc1CC,CCc1ccccc1CC
ClC(Cl)(Cl)C(Cl)(Cl)Cl,-0.2958217988646204,train,ClC(Cl)(Cl)C(Cl)(Cl)Cl,ClC(Cl)(Cl)C(Cl)(Cl)Cl
CC(C)C(C(=O)OC(C#N)c1cccc(Oc2ccccc2)c1)c1ccc(OC(F)F)cc1,-1.8257583548878284,test,CC(C)C(C(=O)OC(C#N)c1cccc(Oc2ccccc2)c1)c1ccc(OC(F)F)cc1,CC(C)C(C(=O)OC(C#N)c1cccc(Oc2ccccc2)c1)c1ccc(OC(F)F)cc1
CCC[N+](=O)[O-],1.0737720613308277,train,CCC[N+](=O)[O-],CCC[N+](=O)[O-]
CC1CCC(C(C)C)C(=O)C1,0.3340959347444358,valid,CC1CCC(C(C)C)C(=O)C1,CC1CCC(C(C)C)C(=O)C1
CCN1c2cc(Cl)ccc2NC(=O)c2cccnc21,-1.1023073820459124,train,CCN1c2cc(Cl)ccc2NC(=O)c2cccnc21,CCN1c2cc(Cl)ccc2NC(=O)c2cccnc21
O=[N+]([O-])c1cccc(Cl)c1Cl,-0.2051518220572562,train,O=[N+]([O-])c1cccc(Cl)c1Cl,O=[N+]([O-])c1cccc(Cl)c1Cl
C=CCC1(C(C)CCC)C(=O)NC(=S)NC1=O,-0.1956076139722705,valid,C=CCC1(C(C)CCC)C(=O)NC(=S)NC1=O,C=CCC1(C(C)CCC)C(=O)NC(=S)NC1=O
c1ccc2c(c1)-c1cccc3cccc-2c13,-1.4077220407654545,test,c1ccc2c(c1)-c1cccc3cccc-2c13,c1ccc2c(c1)-c1cccc3cccc-2c13
CCCOC(C)C,0.8160784430362137,train,CCCOC(C)C,CCCOC(C)C
Cc1cc(C)c2ccccc2c1,-0.5916922494991772,train,Cc1cc(C)c2ccccc2c1,Cc1cc(C)c2ccccc2c1
CCC(=C(CC)c1ccc(O)cc1)c1ccc(O)cc1,-0.4867059605643345,test,CCC(=C(CC)c1ccc(O)cc1)c1ccc(O)cc1,CCC(=C(CC)c1ccc(O)cc1)c1ccc(O)cc1
N#Cc1c(Cl)c(Cl)c(Cl)c(C#N)c1Cl,-1.2359262952357115,train,N#Cc1c(Cl)c(Cl)c(Cl)c(C#N)c1Cl,N#Cc1c(Cl)c(Cl)c(Cl)c(C#N)c1Cl
Clc1ccc(Cl)c(-c2ccc(Cl)c(Cl)c2)c1,-2.004235046077061,train,Clc1ccc(Cl)c(-c2ccc(Cl)c(Cl)c2)c1,Clc1ccc(Cl)c(-c2ccc(Cl)c(Cl)c2)c1
c1ccc(C2CO2)cc1,0.6920037379313996,test,c1ccc(C2CO2)cc1,c1ccc(C2CO2)cc1
CC(C)c1ccccc1,-0.1049376371649064,train,CC(C)c1ccccc1,CC(C)c1ccccc1
CC12CCC(=O)C=C1CCC1C2CCC2(C)C(C(=O)CO)CCC12,-0.1908355099297778,train,CC12CCC(=O)C=C1CCC1C2CCC2(C)C(C(=O)CO)CCC12,CC12CCC(=O)C=C1CCC1C2CCC2(C)C(C(=O)CO)CCC12
Clc1c(Cl)c(Cl)c2nccnc2c1Cl,-1.135712110343362,test,Clc1c(Cl)c(Cl)c2nccnc2c1Cl,Clc1c(Cl)c(Cl)c2nccnc2c1Cl
OC1COC(O)C(O)C1O,1.641652442387477,train,OC1COC(O)C(O)C1O,OC1COC(O)C(O)C1O
ClCCl,1.1548978300532062,train,ClCCl,ClCCl
CCc1cccc2ccccc12,-0.5344270009892629,train,CCc1cccc2ccccc12,CCc1cccc2ccccc12
COC=O,1.732322419194841,train,COC=O,COC=O
O=[N+]([O-])c1ccccc1O,0.6251942813364997,train,O=[N+]([O-])c1ccccc1O,O=[N+]([O-])c1ccccc1O
Cc1c[nH]c(=O)[nH]c1=O,0.7368615159308324,train,Cc1c[nH]c(=O)[nH]c1=O,Cc1c[nH]c(=O)[nH]c1=O
CC(C)C,0.2386538538945789,train,CC(C)C,CC(C)C
OCC1OC(n2cnc3c(O)ncnc32)C(O)C1O,0.8685715875036351,test,OCC1OC(n2cnc3c(O)ncnc32)C(O)C1O,OCC1OC(n2cnc3c(O)ncnc32)C(O)C1O
N#Cc1cc(I)c(O)c(I)c1,-0.2671891746096632,train,N#Cc1cc(I)c(O)c(I)c1,N#Cc1cc(I)c(O)c(I)c1
O=C(Nc1ccc([N+](=O)[O-])cc1Cl)c1cc(Cl)ccc1O,-0.787348515241384,train,O=C(Nc1ccc([N+](=O)[O-])cc1Cl)c1cc(Cl)ccc1O,O=C(Nc1ccc([N+](=O)[O-])cc1Cl)c1cc(Cl)ccc1O
CCCCC,-0.0619887007824708,train,CCCCC,CCCCC
Oc1ccccc1,1.4555403847302557,train,Oc1ccccc1,Oc1ccccc1
Nc1ccc2cc3ccccc3cc2c1,-1.011637405238548,train,Nc1ccc2cc3ccccc3cc2c1,Nc1ccc2cc3ccccc3cc2c1
Cn1cnc2c1c(=O)[nH]c(=O)n2C,0.2515385348093094,train,Cn1cnc2c1c(=O)[nH]c(=O)n2C,Cn1cnc2c1c(=O)[nH]c(=O)n2C
c1ccc2cnccc2c1,0.7635852985687924,test,c1ccc2cnccc2c1,c1ccc2cnccc2c1
COP(=S)(OC)SCC(=O)N(c1ccc(Cl)cc1)C(C)C,-0.6594561269025758,train,COP(=S)(OC)SCC(=O)N(c1ccc(Cl)cc1)C(C)C,COP(=S)(OC)SCC(=O)N(c1ccc(Cl)cc1)C(C)C
CCCCCCc1ccccc1,-1.030725821408519,train,CCCCCCc1ccccc1,CCCCCCc1ccccc1
Clc1ccccc1-c1ccccc1,-0.7109948505614985,train,Clc1ccccc1-c1ccccc1,Clc1ccccc1-c1ccccc1
C=C(C)CCC,0.009592859854922,train,C=C(C)CCC,C=C(C)CCC
CC(C)C(C)C(C)C,-0.8350695556663125,train,CC(C)C(C)C(C)C,CC(C)C(C)C(C)C
Clc1cc(Cl)c(Cl)c(Cl)c1Cl,-1.240698399278205,train,Clc1cc(Cl)c(Cl)c(Cl)c1Cl,Clc1cc(Cl)c(Cl)c(Cl)c1Cl
O=[N+]([O-])c1cccc(O)c1,0.973557876438478,train,O=[N+]([O-])c1cccc(O)c1,O=[N+]([O-])c1cccc(O)c1
C=CCCCCCCCC,-1.1738889426833048,train,C=CCCCCCCCC,C=CCCCCCCCC
CC(=O)OCC(COC(C)=O)OC(C)=O,1.1692141421806843,train,CC(=O)OCC(COC(C)=O)OC(C)=O,CC(=O)OCC(COC(C)=O)OC(C)=O
CCCCc1c(C)nc(N(C)C)nc1O,0.3865890792118571,train,CCCCc1c(C)nc(N(C)C)nc1O,CCCCc1c(C)nc(N(C)C)nc1O
CC1(C)C(C=C(Cl)Cl)C1C(=O)OC(C#N)c1ccc(F)c(Oc2ccccc2)c1,-2.045752351246749,train,CC1(C)C(C=C(Cl)Cl)C1C(=O)OC(C#N)c1ccc(F)c(Oc2ccccc2)c1,CC1(C)C(C=C(Cl)Cl)C1C(=O)OC(C#N)c1ccc(F)c(Oc2ccccc2)c1
c1ccncc1,1.818220291959712,train,c1ccncc1,c1ccncc1
CCCCCCCBr,-0.6585017060940769,train,CCCCCCCBr,CCCCCCCBr
Cc1ccncc1C,1.6273361302599982,train,Cc1ccncc1C,Cc1ccncc1C
CC12CCC(=O)C=C1CCC1C3CCC(O)(C(=O)CO)C3(C)CC(O)C12F,-0.181291301844792,train,CC12CCC(=O)C=C1CCC1C3CCC(O)(C(=O)CO)C3(C)CC(O)C12F,CC12CCC(=O)C=C1CCC1C3CCC(O)(C(=O)CO)C3(C)CC(O)C12F
CCSCc1ccccc1OC(=O)NC,0.45817063984925,train,CCSCc1ccccc1OC(=O)NC,CCSCc1ccccc1OC(=O)NC
CCOC(=O)CC(=O)OCC,1.064227853245842,train,CCOC(=O)CC(=O)OCC,CCOC(=O)CC(=O)OCC
C=C(C)C1CC=C(C)CC1,-0.5773759373716985,train,C=C(C)C1CC=C(C)CC1,C=C(C)C1CC=C(C)CC1
c1ccc2c(c1)CCC2,0.0048207558124291,test,c1ccc2c(c1)CCC2,c1ccc2c(c1)CCC2
CC(C)(C)c1ccc(O)cc1,0.3054633104894786,train,CC(C)(C)c1ccc(O)cc1,CC(C)(C)c1ccc(O)cc1
O=C1NC(=O)C2(CC2)C(=O)N1,0.5555215623161042,test,O=C1NC(=O)C2(CC2)C(=O)N1,O=C1NC(=O)C2(CC2)C(=O)N1
Clc1cccc(I)c1,-0.2385565503547061,train,Clc1cccc(I)c1,Clc1cccc(I)c1
Brc1cccc2ccccc12,-0.620324873754134,train,Brc1cccc2ccccc12,Brc1cccc2ccccc12
C/C=C/CC,0.2434259579370716,train,C/C=C/CC,C/C=C/CC
Cc1cccc(C)n1,1.670285066642434,train,Cc1cccc(C)n1,Cc1cccc(C)n1
ClC=C(Cl)Cl,0.520207992401657,train,ClC=C(Cl)Cl,ClC=C(Cl)Cl
Nc1cccc2ccccc12,0.5392964085716284,train,Nc1cccc2ccccc12,Nc1cccc2ccccc12
Cc1cccc(C)c1,0.1098070447472719,train,Cc1cccc(C)c1,Cc1cccc(C)c1
Oc1ncc2nccnc2n1,0.5264117276568977,train,Oc1ncc2nccnc2n1,Oc1ncc2nccnc2n1
CO,2.204760719401633,train,CO,CO
CCC1(CCC(C)C)C(=O)NC(=O)NC1=O,0.2777851070430202,train,CCC1(CCC(C)C)C(=O)NC(=O)NC1=O,CCC1(CCC(C)C)C(=O)NC(=O)NC1=O
CCC(C)=O,1.703689794939884,train,CCC(C)=O,CCC(C)=O
O=c1[nH]cc(F)c(=O)[nH]1,0.9415847793537756,train,O=c1[nH]cc(F)c(=O)[nH]1,O=c1[nH]cc(F)c(=O)[nH]1
Nc1ncnc2c1ccn2C1OC(CO)C(O)C1O,0.5249800964441499,test,Nc1ncnc2c1ccn2C1OC(CO)C(O)C1O,Nc1ncnc2c1ccn2C1OC(CO)C(O)C1O
Oc1cccc(O)c1,1.8420808121721768,train,Oc1cccc(O)c1,Oc1cccc(O)c1
CCCCCCO,0.8637994834611422,train,CCCCCCO,CCCCCCO
CCCCCCl,0.1527559811297075,train,CCCCCCl,CCCCCCl
C=CC=C,0.5631569287840926,train,C=CC=C,C=CC=C
CCCOC(C)=O,1.1119488936707709,train,CCCOC(C)=O,CCCOC(C)=O
Oc1ccc2c(c1)CCCC2,0.5058916802741784,valid,Oc1ccc2c(c1)CCCC2,Oc1ccc2c(c1)CCCC2
NC(=O)CCl,1.44599617664527,train,NC(=O)CCl,NC(=O)CCl
COP(=S)(OC)Oc1cc(Cl)c(I)cc1Cl,-1.7035924914000111,train,COP(=S)(OC)Oc1cc(Cl)c(I)cc1Cl,COP(=S)(OC)Oc1cc(Cl)c(I)cc1Cl
Cc1ccc(Cl)cc1,-0.0142676603575422,train,Cc1ccc(Cl)cc1,Cc1ccc(Cl)cc1
CSc1nnc(C(C)(C)C)c(=O)n1N,0.3803853439566164,test,CSc1nnc(C(C)(C)C)c(=O)n1N,CSc1nnc(C(C)(C)C)c(=O)n1N
Cc1ccc(OP(=O)(Oc2cccc(C)c2)Oc2ccccc2C)cc1,-1.412494144807947,test,Cc1ccc(OP(=O)(Oc2cccc(C)c2)Oc2ccccc2C)cc1,Cc1ccc(OP(=O)(Oc2cccc(C)c2)Oc2ccccc2C)cc1
CCCCCC=O,0.835166859206185,train,CCCCCC=O,CCCCCC=O
CCCCOC(=O)c1ccc(N)cc1,-0.0152220811660407,train,CCCCOC(=O)c1ccc(N)cc1,CCCCOC(=O)c1ccc(N)cc1
Cc1ccc2c(c1)Oc1ncc(N)cc1C(=O)N2C,0.0033891245996812,valid,Cc1ccc2c(c1)Oc1ncc(N)cc1C(=O)N2C,Cc1ccc2c(c1)Oc1ncc(N)cc1C(=O)N2C
CC(C)=CCC/C(C)=C\CO,0.2816027902770145,train,CC(C)=CCC/C(C)=C\CO,CC(C)=CCC/C(C)=C\CO
Clc1ccc(-c2ccccc2Cl)cc1,-1.0641305497059694,train,Clc1ccc(-c2ccccc2Cl)cc1,Clc1ccc(-c2ccccc2Cl)cc1
CCCCCCCC(=O)OCN1C(=O)NC(c2ccccc2)(c2ccccc2)C1=O,-1.6573030821878303,train,CCCCCCCC(=O)OCN1C(=O)NC(c2ccccc2)(c2ccccc2)C1=O,CCCCCCCC(=O)OCN1C(=O)NC(c2ccccc2)(c2ccccc2)C1=O
CC[N+](=O)[O-],1.350554095795413,train,CC[N+](=O)[O-],CC[N+](=O)[O-]
C=C(C)CN(CC)c1c([N+](=O)[O-])cc(C(F)(F)F)cc1[N+](=O)[O-],-1.4668961308923658,train,C=C(C)CN(CC)c1c([N+](=O)[O-])cc(C(F)(F)F)cc1[N+](=O)[O-],C=C(C)CN(CC)c1c([N+](=O)[O-])cc(C(F)(F)F)cc1[N+](=O)[O-]
Clc1ccc(Cl)c(Cl)c1Cl,-0.7253111626889771,train,Clc1ccc(Cl)c(Cl)c1Cl,Clc1ccc(Cl)c(Cl)c1Cl
CCCC(C)(COC(N)=O)COC(N)=O,0.5932211842517976,train,CCCC(C)(COC(N)=O)COC(N)=O,CCCC(C)(COC(N)=O)COC(N)=O
CC(=O)C1CCC2C3CC=C4CC(O)CCC4(C)C3CCC12C,-0.76348799502892,test,CC(=O)C1CCC2C3CC=C4CC(O)CCC4(C)C3CCC12C,CC(=O)C1CCC2C3CC=C4CC(O)CCC4(C)C3CCC12C
CI,0.9783299804809706,train,CI,CI
CC1CC(C)C(=O)C(C(O)CC2CC(=O)NC(=O)C2)C1,0.9162926279285636,test,CC1CC(C)C(=O)C(C(O)CC2CC(=O)NC(=O)C2)C1,CC1CC(C)C(=O)C(C(O)CC2CC(=O)NC(=O)C2)C1
CCCCCCC(=O)OCN1C(=O)NC(c2ccccc2)(c2ccccc2)C1=O,-1.5513623724444894,train,CCCCCCC(=O)OCN1C(=O)NC(c2ccccc2)(c2ccccc2)C1=O,CCCCCCC(=O)OCN1C(=O)NC(c2ccccc2)(c2ccccc2)C1=O
CC1=CC(=O)CC(C)(C)C1,0.9496973562260136,train,CC1=CC(=O)CC(C)(C)C1,CC1=CC(=O)CC(C)(C)C1
CCC(C)C1(CC)C(=O)NC(=O)NC1=O,0.3150075185744643,train,CCC(C)C1(CC)C(=O)NC(=O)NC1=O,CCC(C)C1(CC)C(=O)NC(=O)NC1=O
CCCCC(=O)CCCC,0.2243375417671002,train,CCCCC(=O)CCCC,CCCCC(=O)CCCC
CCC1(c2ccccc2)CCC(=O)NC1=O,0.3402996699996764,test,CCC1(c2ccccc2)CCC(=O)NC1=O,CCC1(c2ccccc2)CCC(=O)NC1=O
CCC(C)CC,-0.3005939029071133,train,CCC(C)CC,CCC(C)CC
CCOc1ccc(C(C)(C)COCc2cccc(Oc3ccccc3)c2)cc1,-2.648469091813596,test,CCOc1ccc(C(C)(C)COCc2cccc(Oc3ccccc3)c2)cc1,CCOc1ccc(C(C)(C)COCc2cccc(Oc3ccccc3)c2)cc1
Cc1ccccc1-n1c(C)nc2ccccc2c1=O,0.059699952301097,test,Cc1ccccc1-n1c(C)nc2ccccc2c1=O,Cc1ccccc1-n1c(C)nc2ccccc2c1=O
N#CCCl,1.4116370275393213,train,N#CCCl,N#CCCl
CCOP(=S)(CC)Oc1cc(Cl)c(Cl)cc1Cl,-1.2893738605116325,train,CCOP(=S)(CC)Oc1cc(Cl)c(Cl)cc1Cl,CCOP(=S)(CC)Oc1cc(Cl)c(Cl)cc1Cl
C#CC1(O)CCC2C3CCC4=CC(=O)CCC4(C)C3CCC21C,-1.2454705033206976,train,C#CC1(O)CCC2C3CCC4=CC(=O)CCC4(C)C3CCC21C,C#CC1(O)CCC2C3CCC4=CC(=O)CCC4(C)C3CCC21C
c1ccnnc1,1.980471829404469,valid,c1ccnnc1,c1ccnnc1
Clc1cc(Cl)c(Cl)c(Cl)c1,-0.753943786943934,train,Clc1cc(Cl)c(Cl)c(Cl)c1,Clc1cc(Cl)c(Cl)c(Cl)c1
CC1COC2CC3(C)C(CC4C5C=C6CC(O)CCC6(C)CC5CCC43C)OC2C1,-2.037639774374511,test,CC1COC2CC3(C)C(CC4C5C=C6CC(O)CCC6(C)CC5CCC43C)OC2C1,CC1COC2CC3(C)C(CC4C5C=C6CC(O)CCC6(C)CC5CCC43C)OC2C1
Nc1ccccc1O,1.1119488936707709,train,Nc1ccccc1O,Nc1ccccc1O
CCCCCCCCC(=O)OCC,-0.3578591514170274,train,CCCCCCCCC(=O)OCC,CCCCCCCCC(=O)OCC
COCC(=O)N(c1c(C)cccc1C)C(C)C(=O)OC,0.6915265275271504,train,COCC(=O)N(c1c(C)cccc1C)C(C)C(=O)OC,COCC(=O)N(c1c(C)cccc1C)C(C)C(=O)OC
CNC(=O)Oc1ccccc1OC(C)C,0.4772590560192214,train,CNC(=O)Oc1ccccc1OC(C)C,CNC(=O)Oc1ccccc1OC(C)C
CCC(C)Cl,0.520207992401657,train,CCC(C)Cl,CCC(C)Cl
Oc1ccc2ccccc2c1,0.3675006630418859,train,Oc1ccc2ccccc2c1,Oc1ccc2ccccc2c1
CC(C)Oc1cc(-n2nc(C(C)(C)C)oc2=O)c(Cl)cc1Cl,-1.2626500778736722,valid,CC(C)Oc1cc(-n2nc(C(C)(C)C)oc2=O)c(Cl)cc1Cl,CC(C)Oc1cc(-n2nc(C(C)(C)C)oc2=O)c(Cl)cc1Cl
C#CCCCC,0.329323830701943,train,C#CCCCC,C#CCCCC
C#CCCCCCCC,-0.567831729286713,train,C#CCCCCCCC,C#CCCCCCCC
Cc1ccccc1Cl,-0.2242402382272277,train,Cc1ccccc1Cl,Cc1ccccc1Cl
CC(C)OC(C)C,0.930608940056042,train,CC(C)OC(C)C,CC(C)OC(C)C
Nc1ccc(S(=O)(=O)c2ccc(N)cc2)cc1,-0.0209486060170321,valid,Nc1ccc(S(=O)(=O)c2ccc(N)cc2)cc1,Nc1ccc(S(=O)(=O)c2ccc(N)cc2)cc1
CNN,2.0950023264242974,train,CNN,CNN
C#CC,1.2598841189880488,train,C#CC,C#CC
CCOP(=S)(OCC)ON=C(C#N)c1ccccc1,-0.8646566007297682,train,CCOP(=S)(OCC)ON=C(C#N)c1ccccc1,CCOP(=S)(OCC)ON=C(C#N)c1ccccc1
CCNP(=S)(OC)OC(C)=CC(=O)OC(C)C,-0.1707926729513077,train,CCNP(=S)(OC)OC(C)=CC(=O)OC(C)C,CCNP(=S)(OC)OC(C)=CC(=O)OC(C)C
C=CC=O,1.727550315152348,train,C=CC=O,C=CC=O
O=c1[nH]cnc2nc[nH]c12,0.3598652965738973,test,O=c1[nH]cnc2nc[nH]c12,O=c1[nH]cnc2nc[nH]c12
Oc1ccc2ncccc2c1,0.4247659115517999,train,Oc1ccc2ncccc2c1,Oc1ccc2ncccc2c1
Fc1ccccc1,0.5965616570815425,train,Fc1ccccc1,Fc1ccccc1
CCCCl,0.7540410904838066,train,CCCCl,CCCCl
CCOC(C)=O,1.4364519685602843,train,CCOC(C)=O,CCOC(C)=O
CCCC(C)(C)C,-0.6250969777966272,train,CCCC(C)(C)C,CCCC(C)(C)C
Cc1cc(C)c(C)c(C)c1C,-0.4533012322668844,train,Cc1cc(C)c(C)c(C)c1C,Cc1cc(C)c(C)c(C)c1C
CC12CCC(CC1)C(C)(C)O2,0.6729153217614282,valid,CC12CCC(CC1)C(C)(C)O2,CC12CCC(CC1)C(C)(C)O2
CCCCOC(=O)CCCCCCCCC(=O)OCCCC,-0.4036713502249588,train,CCCCOC(=O)CCCCCCCCC(=O)OCCCC,CCCCOC(=O)CCCCCCCCC(=O)OCCCC
Clc1ccc(-c2ccc(Cl)cc2)cc1,-1.674959867145054,train,Clc1ccc(-c2ccc(Cl)cc2)cc1,Clc1ccc(-c2ccc(Cl)cc2)cc1
Cc1cccnc1C,1.636880338344984,train,Cc1cccnc1C,Cc1cccnc1C
C=C(C)C1CC=C(C)C(=O)C1,0.4724869519767284,train,C=C(C)C1CC=C(C)C(=O)C1,C=C(C)C1CC=C(C)C(=O)C1
CCOP(=S)(OCC)SCSc1ccc(Cl)cc1,-1.2817384940436436,train,CCOP(=S)(OCC)SCSc1ccc(Cl)cc1,CCOP(=S)(OCC)SCSc1ccc(Cl)cc1
COc1cc(C2c3cc4c(cc3C(OC3OC5COC(C)OC5C(O)C3O)C3COC(=O)C23)OCO4)cc(OC)c1O,-0.2485779688439413,test,COc1cc(C2c3cc4c(cc3C(OC3OC5COC(C)OC5C(O)C3O)C3COC(=O)C23)OCO4)cc(OC)c1O,COc1cc(C2c3cc4c(cc3C(OC3OC5COC(C)OC5C(O)C3O)C3COC(=O)C23)OCO4)cc(OC)c1O
c1cc2cccc3c4cccc5cccc(c(c1)c23)c54,-2.74582001428045,test,c1cc2cccc3c4cccc5cccc(c(c1)c23)c54,c1cc2cccc3c4cccc5cccc(c(c1)c23)c54
Cc1ccc([N+](=O)[O-])cc1[N+](=O)[O-],0.1098070447472719,train,Cc1ccc([N+](=O)[O-])cc1[N+](=O)[O-],Cc1ccc([N+](=O)[O-])cc1[N+](=O)[O-]
Brc1ccc2ccccc2c1,-0.6441853939665987,train,Brc1ccc2ccccc2c1,Brc1ccc2ccccc2c1
CNC(=O)Oc1cccc(N=CN(C)C)c1,0.3388680387869287,train,CNC(=O)Oc1cccc(N=CN(C)C)c1,CNC(=O)Oc1cccc(N=CN(C)C)c1
COc1cnc2ncncc2n1,0.91199773429032,train,COc1cnc2ncncc2n1,COc1cnc2ncncc2n1
Cc1ccnc2c1NC(=O)c1cccnc1N2C1CC1,-0.0667608048249635,test,Cc1ccnc2c1NC(=O)c1cccnc1N2C1CC1,Cc1ccnc2c1NC(=O)c1cccnc1N2C1CC1
CCOP(=S)(OCC)Oc1nc(Cl)n(C(C)C)n1,-0.2900952740136289,valid,CCOP(=S)(OCC)Oc1nc(Cl)n(C(C)C)n1,CCOP(=S)(OCC)Oc1nc(Cl)n(C(C)C)n1
C=CC(=C)C,0.4868032641042071,train,C=CC(=C)C,C=CC(=C)C
C=CC(C)(O)CCC=C(C)C,0.5058916802741784,train,C=CC(C)(O)CCC=C(C)C,C=CC(C)(O)CCC=C(C)C
COP(=S)(OC)Oc1ccc(SC)c(C)c1,-0.7253111626889771,train,COP(=S)(OC)Oc1ccc(SC)c(C)c1,COP(=S)(OC)Oc1ccc(SC)c(C)c1
OC1CCCCC1,1.2455678068605702,train,OC1CCCCC1,OC1CCCCC1
C=CCC1(C)C(=O)NC(=O)NC1=O,0.9019763158010852,train,C=CCC1(C)C(=O)NC(=O)NC1=O,C=CCC1(C)C(=O)NC(=O)NC1=O
CC12CCC3C(CCC4CC(O)CCC43C)C1CCC2=O,-0.5296548969467701,valid,CC12CCC3C(CCC4CC(O)CCC43C)C1CCC2=O,CC12CCC3C(CCC4CC(O)CCC43C)C1CCC2=O
OCC(O)C(O)C(O)C(O)CO,1.4841730089852128,train,OCC(O)C(O)C(O)C(O)CO,OCC(O)C(O)C(O)C(O)CO
Cc1ccc(-c2ccccc2)cc1,-0.7491716829014412,train,Cc1ccc(-c2ccccc2)cc1,Cc1ccc(-c2ccccc2)cc1
CCNc1nc(Cl)nc(NC(C)C)n1,-0.3817196716294918,train,CCNc1nc(Cl)nc(NC(C)C)n1,CCNc1nc(Cl)nc(NC(C)C)n1
NC(=S)Nc1ccccc1,0.6108779692090212,train,NC(=S)Nc1ccccc1,NC(=S)Nc1ccccc1
CCCC(=O)CCC,0.835166859206185,train,CCCC(=O)CCC,CCCC(=O)CCC
CC(=O)C(C)(C)C,1.1119488936707709,train,CC(=O)C(C)(C)C,CC(=O)C(C)(C)C
Oc1ccc(Cl)cc1,1.121493101755756,train,Oc1ccc(Cl)cc1,Oc1ccc(Cl)cc1
O=C1CCCCC1,1.1692141421806843,valid,O=C1CCCCC1,O=C1CCCCC1
Cc1cccc(N)c1,1.0499115411183633,train,Cc1cccc(N)c1,Cc1cccc(N)c1
N#CC(Cl)(Cl)Cl,0.4209482283178056,train,N#CC(Cl)(Cl)Cl,N#CC(Cl)(Cl)Cl
CNc1cnn(-c2cccc(C(F)(F)F)c2)c(=O)c1Cl,-0.4752529108623517,train,CNc1cnn(-c2cccc(C(F)(F)F)c2)c(=O)c1Cl,CNc1cnn(-c2cccc(C(F)(F)F)c2)c(=O)c1Cl
CCCCCCCCC(C)=O,-0.1192539492923848,train,CCCCCCCCC(C)=O,CCCCCCCCC(C)=O
CCN(CC)c1nc(Cl)nc(NC(C)C)n1,-0.3507009953532882,train,CCN(CC)c1nc(Cl)nc(NC(C)C)n1,CCN(CC)c1nc(Cl)nc(NC(C)C)n1
CCOC(=O)c1ccc(N)cc1,0.2071579672141259,train,CCOC(=O)c1ccc(N)cc1,CCOC(=O)c1ccc(N)cc1
Clc1ccc(Cl)c(Cl)c1,-0.2576449665246775,train,Clc1ccc(Cl)c(Cl)c1,Clc1ccc(Cl)c(Cl)c1
Cc1nnc2n1-c1ccc(Cl)cc1C(c1ccccc1Cl)=NC2,-0.4962501686493201,test,Cc1nnc2n1-c1ccc(Cl)cc1C(c1ccccc1Cl)=NC2,Cc1nnc2n1-c1ccc(Cl)cc1C(c1ccccc1Cl)=NC2
Oc1ccccc1O,1.7514108353648123,train,Oc1ccccc1O,Oc1ccccc1O
CCN1c2ncccc2C(=O)N(C)c2cccnc21,0.2052491255971288,train,CCN1c2ncccc2C(=O)N(C)c2cccnc21,CCN1c2ncccc2C(=O)N(C)c2cccnc21
CSC,1.2407957028180774,train,CSC,CSC
Cc1ccccc1Br,0.39136118325435,train,Cc1ccccc1Br,Cc1ccccc1Br
CCOC(N)=O,1.861169228342148,train,CCOC(N)=O,CCOC(N)=O
CC(=O)OC1(C(C)=O)CCC2C3C=C(C)C4=CC(=O)CCC4(C)C3CCC21C,-1.097535278003419,valid,CC(=O)OC1(C(C)=O)CCC2C3C=C(C)C4=CC(=O)CCC4(C)C3CCC21C,CC(=O)OC1(C(C)=O)CCC2C3C=C(C)C4=CC(=O)CCC4(C)C3CCC21C
CC(C)C(O)C(C)C,0.8733436915461279,train,CC(C)C(O)C(C)C,CC(C)C(O)C(C)C
c1ccc2ccccc2c1,-0.2624170705671705,train,c1ccc2ccccc2c1,c1ccc2ccccc2c1
CCNc1ccccc1,0.6442826975064712,train,CCNc1ccccc1,CCNc1ccccc1
O=C1NC(=O)C(c2ccccc2)(c2ccccc2)N1,-0.4995906414790653,train,O=C1NC(=O)C(c2ccccc2)(c2ccccc2)N1,O=C1NC(=O)C(c2ccccc2)(c2ccccc2)N1
Cc1c2ccccc2c(C)c2c1ccc1ccccc12,-1.894476653099725,test,Cc1c2ccccc2c(C)c2c1ccc1ccccc12,Cc1c2ccccc2c(C)c2c1ccc1ccccc12
CCOP(=S)(OCC)SC(CCl)N1C(=O)c2ccccc2C1=O,-1.569973578210211,train,CCOP(=S)(OCC)SC(CCl)N1C(=O)c2ccccc2C1=O,CCOP(=S)(OCC)SC(CCl)N1C(=O)c2ccccc2C1=O
COc1ccc(C(c2ccc(OC)cc2)C(Cl)(Cl)Cl)cc1,-1.832439300547318,train,COc1ccc(C(c2ccc(OC)cc2)C(Cl)(Cl)Cl)cc1,COc1ccc(C(c2ccc(OC)cc2)C(Cl)(Cl)Cl)cc1
O=C(NC(=O)c1c(F)cccc1F)Nc1cc(Cl)c(F)c(Cl)c1F,-2.01855135820454,valid,O=C(NC(=O)c1c(F)cccc1F)Nc1cc(Cl)c(F)c(Cl)c1F,O=C(NC(=O)c1c(F)cccc1F)Nc1cc(Cl)c(F)c(Cl)c1F
CCCCC(=O)OCN1C(=O)NC(c2ccccc2)(c2ccccc2)C1=O,-0.7768498863478998,train,CCCCC(=O)OCN1C(=O)NC(c2ccccc2)(c2ccccc2)C1=O,CCCCC(=O)OCN1C(=O)NC(c2ccccc2)(c2ccccc2)C1=O
CN(C)C(=O)Nc1ccc(Cl)cc1,0.0764023164498218,train,CN(C)C(=O)Nc1ccc(Cl)cc1,CN(C)C(=O)Nc1ccc(Cl)cc1
OC(Cn1cncn1)(c1ccc(F)cc1)c1ccccc1F,-0.1526586775898349,test,OC(Cn1cncn1)(c1ccc(F)cc1)c1ccccc1F,OC(Cn1cncn1)(c1ccc(F)cc1)c1ccccc1F
CC(=O)OCC(=O)C1(O)C(OC(C)=O)CC2C3CCC4=CC(=O)C=CC4(C)C3(F)C(O)CC21C,-0.5153385848192915,train,CC(=O)OCC(=O)C1(O)C(OC(C)=O)CC2C3CCC4=CC(=O)C=CC4(C)C3(F)C(O)CC21C,CC(=O)OCC(=O)C1(O)C(OC(C)=O)CC2C3CCC4=CC(=O)C=CC4(C)C3(F)C(O)CC21C
CCCCBr,0.3245517266594501,train,CCCCBr,CCCCBr
Brc1cc(Br)c(Br)cc1Br,-1.875388236929754,train,Brc1cc(Br)c(Br)cc1Br,Brc1cc(Br)c(Br)cc1Br
CC(=O)CC(C)C,1.1024046855857843,train,CC(=O)CC(C)C,CC(=O)CC(C)C
CCSC(=O)N(CC)C1CCCCC1,-0.1669749897173134,train,CCSC(=O)N(CC)C1CCCCC1,CCSC(=O)N(CC)C1CCCCC1
COc1ccc(Cl)cc1,0.1288954609172433,train,COc1ccc(Cl)cc1,COc1ccc(Cl)cc1
CC1(C)C(C=C(Br)Br)C1C(=O)OC(C#N)c1cccc(Oc2ccccc2)c1,-2.553981431772238,train,CC1(C)C(C=C(Br)Br)C1C(=O)OC(C#N)c1cccc(Oc2ccccc2)c1,CC1(C)C(C=C(Br)Br)C1C(=O)OC(C#N)c1cccc(Oc2ccccc2)c1
C=CCC1(C(C)CC)C(=O)NC(=O)NC1=O,0.493484209763697,train,C=CCC1(C(C)CC)C(=O)NC(=O)NC1=O,C=CCC1(C(C)CC)C(=O)NC(=O)NC1=O
COP(=S)(OC)Oc1ccc([N+](=O)[O-])c(C)c1,-0.4723896484368559,train,COP(=S)(OC)Oc1ccc([N+](=O)[O-])c(C)c1,COP(=S)(OC)Oc1ccc([N+](=O)[O-])c(C)c1
Ic1cccc2ccccc12,-0.7157669546039912,train,Ic1cccc2ccccc12,Ic1cccc2ccccc12
OCC(O)C(O)C(O)C(O)CO,1.9756997253619764,train,OCC(O)C(O)C(O)C(O)CO,OCC(O)C(O)C(O)C(O)CO
CCS,1.1692141421806843,train,CCS,CCS
ClCC(Cl)Cl,0.7492689864413138,train,ClCC(Cl)Cl,ClCC(Cl)Cl
Cc1cc(OC(=O)N(C)C)n(-c2ccccc2)n1,0.45817063984925,test,Cc1cc(OC(=O)N(C)C)n(-c2ccccc2)n1,Cc1cc(OC(=O)N(C)C)n(-c2ccccc2)n1
NC(=O)c1ccccc1O,0.5870174489965568,train,NC(=O)c1ccccc1O,NC(=O)c1ccccc1O
Cc1ccccc1[N+](=O)[O-],0.3436401428294215,train,Cc1ccccc1[N+](=O)[O-],Cc1ccccc1[N+](=O)[O-]
CC(C)C1(C(C)C)C(=O)NC(=O)NC1=O,0.1355764065767332,train,CC(C)C1(C(C)C)C(=O)NC(=O)NC1=O,CC(C)C1(C(C)C)C(=O)NC(=O)NC1=O
CCc1ccccc1C,-0.0763050129099492,train,CCc1ccccc1C,CCc1ccccc1C
CCCCCCCCl,-0.4533012322668844,train,CCCCCCCCl,CCCCCCCCl
CCC1(CC)C(=O)NC(=O)NC1=O,0.3102354145319716,train,CCC1(CC)C(=O)NC(=O)NC1=O,CCC1(CC)C(=O)NC(=O)NC1=O
c1ccc(CCc2ccccc2)cc1,-0.7491716829014412,train,c1ccc(CCc2ccccc2)cc1,c1ccc(CCc2ccccc2)cc1
ClC(Cl)C(Cl)Cl,0.6251942813364997,train,ClC(Cl)C(Cl)Cl,ClC(Cl)C(Cl)Cl
CCN1c2cc(OC)cc(C)c2NC(=O)c2cccnc21,-1.00352482836631,train,CCN1c2cc(OC)cc(C)c2NC(=O)c2cccnc21,CCN1c2cc(OC)cc(C)c2NC(=O)c2cccnc21
Cc1ccc2c(ccc3ccccc32)c1,-1.3313683760855688,train,Cc1ccc2c(ccc3ccccc32)c1,Cc1ccc2c(ccc3ccccc32)c1
CCCCOC(=O)c1ccccc1C(=O)OCCCC,-0.6441853939665987,train,CCCCOC(=O)c1ccccc1C(=O)OCCCC,CCCCOC(=O)c1ccccc1C(=O)OCCCC
COc1c(O)c(Cl)c(Cl)c(Cl)c1Cl,-0.46284544035187,train,COc1c(O)c(Cl)c(Cl)c(Cl)c1Cl,COc1c(O)c(Cl)c(Cl)c(Cl)c1Cl
CCN(CC)C(=O)C(Cl)=CCOP(=O)(OC)OC,1.7051214261526315,train,CCN(CC)C(=O)C(Cl)=CCOP(=O)(OC)OC,CCN(CC)C(=O)C(Cl)=CCOP(=O)(OC)OC
CC12CCC3C(=CCc4cc(O)ccc43)C1CCC2=O,-1.0650849705144678,test,CC12CCC3C(=CCc4cc(O)ccc43)C1CCC2=O,CC12CCC3C(=CCc4cc(O)ccc43)C1CCC2=O
CCOC(=O)c1ccccc1S(=O)(=O)NN(C=O)c1nc(Cl)cc(OC)n1,-0.728174425114473,test,CCOC(=O)c1ccccc1S(=O)(=O)NN(C=O)c1nc(Cl)cc(OC)n1,CCOC(=O)c1ccccc1S(=O)(=O)NN(C=O)c1nc(Cl)cc(OC)n1
COc1ccc([N+](=O)[O-])cc1,0.3054633104894786,train,COc1ccc([N+](=O)[O-])cc1,COc1ccc([N+](=O)[O-])cc1
CCCCCCCl,-0.0333560765275137,train,CCCCCCCl,CCCCCCCl
Clc1cc(-c2cc(Cl)c(Cl)c(Cl)c2Cl)c(Cl)c(Cl)c1Cl,-2.9157069181931954,train,Clc1cc(-c2cc(Cl)c(Cl)c(Cl)c2Cl)c(Cl)c(Cl)c1Cl,Clc1cc(-c2cc(Cl)c(Cl)c(Cl)c2Cl)c(Cl)c(Cl)c1Cl
OCC1OC(OCC2OC(OC3(CO)OC(CO)C(O)C3O)C(O)C(O)C2O)C(O)C(O)C1O,1.2598841189880488,test,OCC1OC(OCC2OC(OC3(CO)OC(CO)C(O)C3O)C(O)C(O)C2O)C(O)C(O)C1O,OCC1OC(OCC2OC(OC3(CO)OC(CO)C(O)C3O)C(O)C(O)C2O)C(O)C(O)C1O
CCCCCCCCCCCCCCCCCCCCCCCCCC,-2.521531124283286,train,CCCCCCCCCCCCCCCCCCCCCCCCCC,CCCCCCCCCCCCCCCCCCCCCCCCCC
CCN1c2ccccc2N(C)C(=O)c2cccnc21,-0.1307069989943677,train,CCN1c2ccccc2N(C)C(=O)c2cccnc21,CCN1c2ccccc2N(C)C(=O)c2cccnc21
CC(Cl)Cl,0.8399389632486779,train,CC(Cl)Cl,CC(Cl)Cl
Nc1ccc(S(N)(=O)=O)cc1,0.8160784430362137,train,Nc1ccc(S(N)(=O)=O)cc1,Nc1ccc(S(N)(=O)=O)cc1
CCCN(CCC)c1c([N+](=O)[O-])cc(C(C)C)cc1[N+](=O)[O-],-1.6415551388476044,train,CCCN(CCC)c1c([N+](=O)[O-])cc(C(C)C)cc1[N+](=O)[O-],CCCN(CCC)c1c([N+](=O)[O-])cc(C(C)C)cc1[N+](=O)[O-]
ClC1C(Cl)C(Cl)C(Cl)C(Cl)C1Cl,-0.7587158909864268,train,ClC1C(Cl)C(Cl)C(Cl)C(Cl)C1Cl,ClC1C(Cl)C(Cl)C(Cl)C(Cl)C1Cl
CCOP(=S)(NC(C)C)Oc1ccccc1C(=O)OC(C)C,-0.5458800506912458,train,CCOP(=S)(NC(C)C)Oc1ccccc1C(=O)OC(C)C,CCOP(=S)(NC(C)C)Oc1ccccc1C(=O)OC(C)C
Clc1cccc(Cl)c1Cl,-0.4533012322668844,train,Clc1cccc(Cl)c1Cl,Clc1cccc(Cl)c1Cl
ClC(Cl)(Cl)Cl,0.3531843509144072,train,ClC(Cl)(Cl)Cl,ClC(Cl)(Cl)Cl
O=[N+]([O-])c1ccc(Cl)c(Cl)c1,-0.0715329088674565,train,O=[N+]([O-])c1ccc(Cl)c(Cl)c1,O=[N+]([O-])c1ccc(Cl)c(Cl)c1
OC1CCCCCCC1,0.8399389632486779,train,OC1CCCCCCC1,OC1CCCCCCC1
CC12CCC(=O)C=C1CCC1C2CCC2(C)C1CCC2(C)O,-0.4528240218626352,train,CC12CCC(=O)C=C1CCC1C2CCC2(C)C1CCC2(C)O,CC12CCC(=O)C=C1CCC1C2CCC2(C)C1CCC2(C)O
CCOc1ccc(NC(N)=O)cc1,0.4199938075093071,train,CCOc1ccc(NC(N)=O)cc1,CCOc1ccc(NC(N)=O)cc1
CC1CCC(C)CC1,-0.6775901222640484,train,CC1CCC(C)CC1,CC1CCC(C)CC1
c1cnc2c(c1)ccc1ncccc12,0.1766165013421717,test,c1cnc2c(c1)ccc1ncccc12,c1cnc2c(c1)ccc1ncccc12
COC(C)(C)C,1.341009887710427,train,COC(C)(C)C,COC(C)(C)C
CC=Cc1ccc(OC)cc1,-0.0381281805700064,train,CC=Cc1ccc(OC)cc1,CC=Cc1ccc(OC)cc1
CCCCCCCCCCCCCCCCO,-1.88493244501474,train,CCCCCCCCCCCCCCCCO,CCCCCCCCCCCCCCCCO
O=c1cc[nH]c(=O)[nH]1,0.7454513032073194,train,O=c1cc[nH]c(=O)[nH]1,O=c1cc[nH]c(=O)[nH]1
Nc1ncnc2nc[nH]c12,0.4438543277217713,valid,Nc1ncnc2nc[nH]c12,Nc1ncnc2nc[nH]c12
Clc1cc(Cl)c(-c2cccc(Cl)c2Cl)cc1Cl,-1.9851466299070888,train,Clc1cc(Cl)c(-c2cccc(Cl)c2Cl)cc1Cl,Clc1cc(Cl)c(-c2cccc(Cl)c2Cl)cc1Cl
COc1ccc(C(O)(c2cncnc2)C2CC2)cc1,0.2167021752991116,test,COc1ccc(C(O)(c2cncnc2)C2CC2)cc1,COc1ccc(C(O)(c2cncnc2)C2CC2)cc1
c1ccc2c(c1)-c1cccc3c1c-2cc1ccccc13,-2.47190124224136,test,c1ccc2c(c1)-c1cccc3c1c-2cc1ccccc13,c1ccc2c(c1)-c1cccc3c1c-2cc1ccccc13
O=C(Nc1ccccc1)Nc1ccccc1,-0.0476723886549921,test,O=C(Nc1ccccc1)Nc1ccccc1,O=C(Nc1ccccc1)Nc1ccccc1
CCC1(c2ccccc2)C(=O)NC(=O)NC1=O,0.3474578260634158,train,CCC1(c2ccccc2)C(=O)NC(=O)NC1=O,CCC1(c2ccccc2)C(=O)NC(=O)NC1=O
Clc1ccc(-c2cccc(Cl)c2Cl)cc1,-1.5461130579977471,train,Clc1ccc(-c2cccc(Cl)c2Cl)cc1,Clc1ccc(-c2cccc(Cl)c2Cl)cc1
CC(C)c1ccc(NC(=O)N(C)C)cc1,-0.2318756046952162,train,CC(C)c1ccc(NC(=O)N(C)C)cc1,CC(C)c1ccc(NC(=O)N(C)C)cc1
CCN(CC)C(=O)CSc1ccc(Cl)nn1,0.6366473310384826,valid,CCN(CC)C(=O)CSc1ccc(Cl)nn1,CCN(CC)C(=O)CSc1ccc(Cl)nn1
CCC(C)(C)CO,0.9592415643109992,train,CCC(C)(C)CO,CCC(C)(C)CO
CCCOC(=O)CCC,0.6204221772940068,train,CCCOC(=O)CCC,CCCOC(=O)CCC
Cc1c([N+](=O)[O-])cc([N+](=O)[O-])cc1[N+](=O)[O-],-0.0810771169524422,train,Cc1c([N+](=O)[O-])cc([N+](=O)[O-])cc1[N+](=O)[O-],Cc1c([N+](=O)[O-])cc([N+](=O)[O-])cc1[N+](=O)[O-]
CC(C)OP(=S)(OC(C)C)SCCNS(=O)(=O)c1ccccc1,-0.5487433131167416,train,CC(C)OP(=S)(OC(C)C)SCCNS(=O)(=O)c1ccccc1,CC(C)OP(=S)(OC(C)C)SCCNS(=O)(=O)c1ccccc1
C1CCCCCC1,-0.2194681341847347,train,C1CCCCCC1,C1CCCCCC1
CCCOC=O,1.2217072866481058,train,CCCOC=O,CCCOC=O
Cc1ccccc1C(C)C,-0.338770735247056,train,Cc1ccccc1C(C)C,Cc1ccccc1C(C)C
Nc1cccc(Cl)c1,0.8017621309087352,train,Nc1cccc(Cl)c1,Nc1cccc(Cl)c1
CC(C)CC(C)C,-0.5773759373716985,train,CC(C)CC(C)C,CC(C)CC(C)C
c1ccc2c(c1)oc1ccccc12,-0.7396274748164553,test,c1ccc2c(c1)oc1ccccc12,c1ccc2c(c1)oc1ccccc12
CCOC1Oc2ccc(OS(C)(=O)=O)cc2C1(C)C,-0.1765191978022991,train,CCOC1Oc2ccc(OS(C)(=O)=O)cc2C1(C)C,CCOC1Oc2ccc(OS(C)(=O)=O)cc2C1(C)C
CN(C)C(=O)Nc1cccc(C(F)(F)F)c1,-0.181291301844792,train,CN(C)C(=O)Nc1cccc(C(F)(F)F)c1,CN(C)C(=O)Nc1cccc(C(F)(F)F)c1
c1ccc2nc3ccccc3cc2c1,-0.2958217988646204,train,c1ccc2nc3ccccc3cc2c1,c1ccc2nc3ccccc3cc2c1
CC12CCC(=O)C=C1CCC1C2C(=O)CC2(C)C1CCC2(O)C(=O)CO,-0.0285839724850207,train,CC12CCC(=O)C=C1CCC1C2C(=O)CC2(C)C1CCC2(O)C(=O)CO,CC12CCC(=O)C=C1CCC1C2C(=O)CC2(C)C1CCC2(O)C(=O)CO
OCC1OC(O)C(O)C(O)C1O,1.808676083874727,train,OCC1OC(O)C(O)C(O)C1O,OCC1OC(O)C(O)C(O)C1O
Cc1cccc(O)c1,1.1310373098407418,train,Cc1cccc(O)c1,Cc1cccc(O)c1
CC1Cc2ccccc2N1NC(=O)c1ccc(Cl)c(S(N)(=O)=O)c1,-0.2557361249076806,test,CC1Cc2ccccc2N1NC(=O)c1ccc(Cl)c(S(N)(=O)=O)c1,CC1Cc2ccccc2N1NC(=O)c1ccc(Cl)c(S(N)(=O)=O)c1
CCC(C)C(=O)OC1CC(C)C=C2C=CC(C)C(CCC3CC(O)CC(=O)O3)C21,-1.410108092786701,test,CCC(C)C(=O)OC1CC(C)C=C2C=CC(C)C(CCC3CC(O)CC(=O)O3)C21,CCC(C)C(=O)OC1CC(C)C=C2C=CC(C)C(CCC3CC(O)CC(=O)O3)C21
O=[N+]([O-])c1ccc([N+](=O)[O-])cc1,-0.1622028856748206,train,O=[N+]([O-])c1ccc([N+](=O)[O-])cc1,O=[N+]([O-])c1ccc([N+](=O)[O-])cc1
CCC1(C2=CCC3CCC2C3)C(=O)NC(=O)NC1=O,0.1689811348741831,test,CCC1(C2=CCC3CCC2C3)C(=O)NC(=O)NC1=O,CCC1(C2=CCC3CCC2C3)C(=O)NC(=O)NC1=O
CCCCCCCCCC(=O)OCC,-0.5010222726918128,train,CCCCCCCCCC(=O)OCC,CCCCCCCCCC(=O)OCC
CN(C)C(=O)Nc1ccccc1,0.6920037379313996,train,CN(C)C(=O)Nc1ccccc1,CN(C)C(=O)Nc1ccccc1
CCCOCC,1.1405815179257277,train,CCCOCC,CCCOCC
CC(C)O,1.6607408585574484,train,CC(C)O,CC(C)O
Cc1ccc2ccccc2c1,-0.3435428392895489,train,Cc1ccc2ccccc2c1,Cc1ccc2ccccc2c1
ClC(Br)Br,0.5488406166566141,train,ClC(Br)Br,ClC(Br)Br
CCC(c1ccc(O)cc1)C(CC)c1ccc(O)cc1,-0.6585017060940769,train,CCC(c1ccc(O)cc1)C(CC)c1ccc(O)cc1,CCC(c1ccc(O)cc1)C(CC)c1ccc(O)cc1
CCOC(=O)CC(SP(=S)(OC)OC)C(=O)OCC,-0.1526586775898349,train,CCOC(=O)CC(SP(=S)(OC)OC)C(=O)OCC,CCOC(=O)CC(SP(=S)(OC)OC)C(=O)OCC
ClCc1ccccc1,0.3150075185744643,train,ClCc1ccccc1,ClCc1ccccc1
C/C=C/C=O,1.6082477140900269,train,C/C=C/C=O,C/C=C/C=O
CON(C)C(=O)Nc1ccc(Br)c(Cl)c1,-0.4170332415439388,train,CON(C)C(=O)Nc1ccc(Br)c(Cl)c1,CON(C)C(=O)Nc1ccc(Br)c(Cl)c1
Cc1c2ccccc2c(C)c2ccccc12,-1.6797319711875471,train,Cc1c2ccccc2c(C)c2ccccc12,Cc1c2ccccc2c(C)c2ccccc12
CCCCCC(=O)OC,0.5631569287840926,train,CCCCCC(=O)OC,CCCCCC(=O)OC
CN(C)C(=O)Nc1ccc(-n2nc(C(C)(C)C)oc2=O)c(Cl)c1,-0.6098262448606501,valid,CN(C)C(=O)Nc1ccc(-n2nc(C(C)(C)C)oc2=O)c(Cl)c1,CN(C)C(=O)Nc1ccc(-n2nc(C(C)(C)C)oc2=O)c(Cl)c1
CC(=O)Nc1ccc(F)cc1,0.6061058651665283,train,CC(=O)Nc1ccc(F)cc1,CC(=O)Nc1ccc(F)cc1
CCc1cccc(CC)c1N(COC)C(=O)CCl,-0.1001655331224134,train,CCc1cccc(CC)c1N(COC)C(=O)CCl,CCc1cccc(CC)c1N(COC)C(=O)CCl
C1=CCCCC1,0.2195654377246075,train,C1=CCCCC1,C1=CCCCC1
CC12CCC(=O)C=C1CCC1C2C(O)CC2(C)C1CCC2(O)C(=O)CO,-0.019039764400035,train,CC12CCC(=O)C=C1CCC1C2C(O)CC2(C)C1CCC2(O)C(=O)CO,CC12CCC(=O)C=C1CCC1C2C(O)CC2(C)C1CCC2(O)C(=O)CO
c1cncnc1,1.980471829404469,train,c1cncnc1,c1cncnc1
O=[N+]([O-])c1ccc(Cl)cc1,0.0620860043223433,train,O=[N+]([O-])c1ccc(Cl)cc1,O=[N+]([O-])c1ccc(Cl)cc1
CCC(=O)OC,1.3887309281353557,train,CCC(=O)OC,CCC(=O)OC
O=[N+]([O-])c1ccccc1Cl,0.2386538538945789,train,O=[N+]([O-])c1ccccc1Cl,O=[N+]([O-])c1ccccc1Cl
CCCCN(C)C(=O)Nc1ccc(Cl)c(Cl)c1,-0.8207532435388337,train,CCCCN(C)C(=O)Nc1ccc(Cl)c(Cl)c1,CCCCN(C)C(=O)Nc1ccc(Cl)c(Cl)c1
CN1CC(O)N(c2nnc(C(C)(C)C)s2)C1=O,0.5598164559543476,test,CN1CC(O)N(c2nnc(C(C)(C)C)s2)C1=O,CN1CC(O)N(c2nnc(C(C)(C)C)s2)C1=O
O=[N+]([O-])c1ccccc1,0.5965616570815425,train,O=[N+]([O-])c1ccccc1,O=[N+]([O-])c1ccccc1
Ic1ccccc1,0.0191370679399078,train,Ic1ccccc1,Ic1ccccc1
Cc1ccccc1N1C(=O)c2cc(S(N)(=O)=O)c(Cl)cc2NC1C,-0.3483149433320416,test,Cc1ccccc1N1C(=O)c2cc(S(N)(=O)=O)c(Cl)cc2NC1C,Cc1ccccc1N1C(=O)c2cc(S(N)(=O)=O)c(Cl)cc2NC1C
COc1ccccc1OCC(O)COC(N)=O,0.98548813654471,train,COc1ccccc1OCC(O)COC(N)=O,COc1ccccc1OCC(O)COC(N)=O
CCCCOCN(C(=O)CCl)c1c(CC)cccc1CC,-0.5439712090742488,train,CCCCOCN(C(=O)CCl)c1c(CC)cccc1CC,CCCCOCN(C(=O)CCl)c1c(CC)cccc1CC
Oc1cccc(Cl)c1Cl,0.835166859206185,train,Oc1cccc(Cl)c1Cl,Oc1cccc(Cl)c1Cl
CCCC(=O)OC,0.5392964085716284,train,CCCC(=O)OC,CCCC(=O)OC
CCC(=O)Nc1ccc(Cl)c(Cl)c1,0.0239091719824005,train,CCC(=O)Nc1ccc(Cl)c(Cl)c1,CCC(=O)Nc1ccc(Cl)c(Cl)c1
Nc1nc(N)c2nc(-c3ccccc3)c(N)nc2n1,0.3083265729149744,test,Nc1nc(N)c2nc(-c3ccccc3)c(N)nc2n1,Nc1nc(N)c2nc(-c3ccccc3)c(N)nc2n1
CCCCCC(=O)OCC,0.3340959347444358,train,CCCCCC(=O)OCC,CCCCCC(=O)OCC
OCC(O)C1OC2OC(C(Cl)(Cl)Cl)OC2C1O,0.5774732409115712,test,OCC(O)C1OC2OC(C(Cl)(Cl)Cl)OC2C1O,OCC(O)C1OC2OC(C(Cl)(Cl)Cl)OC2C1O
Cc1ccc(N=CN(C)C=Nc2ccc(C)cc2C)c(C)c1,-1.1548005265133334,test,Cc1ccc(N=CN(C)C=Nc2ccc(C)cc2C)c(C)c1,Cc1ccc(N=CN(C)C=Nc2ccc(C)cc2C)c(C)c1
COc1nc(NC(C)C)nc(NC(C)C)n1,0.2730130030005272,train,COc1nc(NC(C)C)nc(NC(C)C)n1,COc1nc(NC(C)C)nc(NC(C)C)n1
C=CCCCCCC,-0.66327381013657,train,C=CCCCCCC,C=CCCCCCC
Cc1ccc(N)cc1,0.8781157955886207,train,Cc1ccc(N)cc1,Cc1ccc(N)cc1
Nc1nccs1,1.2837446392005132,test,Nc1nccs1,Nc1nccs1
CNC(=O)Oc1ccccc1,0.5951300258687948,train,CNC(=O)Oc1ccccc1,CNC(=O)Oc1ccccc1
CCCC(O)CC,1.0737720613308277,train,CCCC(O)CC,CCCC(O)CC
Oc1c2ccccc2cc2ccccc12,-0.8016648273688628,train,Oc1c2ccccc2cc2ccccc12,Oc1c2ccccc2cc2ccccc12
Cc1ccc2cc3ccccc3cc2c1,-1.865844028844768,train,Cc1ccc2cc3ccccc3cc2c1,Cc1ccc2cc3ccccc3cc2c1
Cc1cccc(C)c1C,-0.0715329088674565,train,Cc1cccc(C)c1C,Cc1cccc(C)c1C
CNC(=O)Oc1ccc(N(C)C)c(C)c1,0.329323830701943,train,CNC(=O)Oc1ccc(N(C)C)c(C)c1,CNC(=O)Oc1ccc(N(C)C)c(C)c1
CCCCCCCC(C)O,0.1479838770872145,train,CCCCCCCC(C)O,CCCCCCCC(C)O
CN(C(=O)NC(C)(C)c1ccccc1)c1ccccc1,-0.1431144695048492,test,CN(C(=O)NC(C)(C)c1ccccc1)c1ccccc1,CN(C(=O)NC(C)(C)c1ccccc1)c1ccccc1
CCCC(=O)CC,1.059455749203349,train,CCCC(=O)CC,CCCC(=O)CC
N#Cc1cc(Br)c(O)c(Br)c1,-0.1335702614198635,train,N#Cc1cc(Br)c(O)c(Br)c1,N#Cc1cc(Br)c(O)c(Br)c1
Clc1ccc(-c2ccccc2)cc1Cl,-1.5938340984226755,train,Clc1ccc(-c2ccccc2)cc1Cl,Clc1ccc(-c2ccccc2)cc1Cl
CN(C(=O)COc1nc2ccccc2s1)c1ccccc1,-0.8699059151765104,test,CN(C(=O)COc1nc2ccccc2s1)c1ccccc1,CN(C(=O)COc1nc2ccccc2s1)c1ccccc1
Oc1cccc2ncccc12,0.2434259579370716,train,Oc1cccc2ncccc12,Oc1cccc2ncccc12
CC1=C(C(=O)Nc2ccccc2)SCCO1,-0.0429002846124994,test,CC1=C(C(=O)Nc2ccccc2)SCCO1,CC1=C(C(=O)Nc2ccccc2)SCCO1
CCOc1ccc2nc(S(N)(=O)=O)sc2c1,-0.3626312554595203,train,CCOc1ccc2nc(S(N)(=O)=O)sc2c1,CCOc1ccc2nc(S(N)(=O)=O)sc2c1
Oc1c(Cl)c(Cl)c(Cl)c(Cl)c1Cl,-0.5869201454566844,train,Oc1c(Cl)c(Cl)c(Cl)c(Cl)c1Cl,Oc1c(Cl)c(Cl)c(Cl)c(Cl)c1Cl
ClCBr,1.030823124948392,train,ClCBr,ClCBr
CCC1(CC)C(=O)NC(=O)N(C)C1=O,0.39136118325435,train,CCC1(CC)C(=O)NC(=O)N(C)C1=O,CCC1(CC)C(=O)NC(=O)N(C)C1=O
CC(=O)OCC(=O)C1CCC2C3CCC4=CC(=O)CCC4(C)C3CCC12C,-0.753943786943934,train,CC(=O)OCC(=O)C1CCC2C3CCC4=CC(=O)CCC4(C)C3CCC12C,CC(=O)OCC(=O)C1CCC2C3CCC4=CC(=O)CCC4(C)C3CCC12C
NC(=O)NCc1ccccc1,1.0021905006934348,train,NC(=O)NCc1ccccc1,NC(=O)NCc1ccccc1
Cc1ccc(NC(=O)N(C)C)cc1Cl,-0.2065834532700041,train,Cc1ccc(NC(=O)N(C)C)cc1Cl,Cc1ccc(NC(=O)N(C)C)cc1Cl
CON(C)C(=O)Nc1ccc(Cl)c(Cl)c1,-0.2585993873331762,train,CON(C)C(=O)Nc1ccc(Cl)c(Cl)c1,CON(C)C(=O)Nc1ccc(Cl)c(Cl)c1
OC1CCCCCC1,1.035595228990885,train,OC1CCCCCC1,OC1CCCCCC1
CS(=O)(=O)c1ccc(C(O)C(CO)NC(=O)C(Cl)Cl)cc1,0.4276291739772957,train,CS(=O)(=O)c1ccc(C(O)C(CO)NC(=O)C(Cl)Cl)cc1,CS(=O)(=O)c1ccc(C(O)C(CO)NC(=O)C(Cl)Cl)cc1
CCCC(C)C1(CC)C(=O)NC(=S)NC1=O,-0.147886573547342,valid,CCCC(C)C1(CC)C(=O)NC(=S)NC1=O,CCCC(C)C1(CC)C(=O)NC(=S)NC1=O
CC(=O)Nc1nnc(S(N)(=O)=O)s1,0.329323830701943,test,CC(=O)Nc1nnc(S(N)(=O)=O)s1,CC(=O)Nc1nnc(S(N)(=O)=O)s1
O=[N+]([O-])c1ccc(O)cc1,1.1024046855857843,train,O=[N+]([O-])c1ccc(O)cc1,O=[N+]([O-])c1ccc(O)cc1
ClC1=C(Cl)C2(Cl)C3C4C=CC(C4)C3C1(Cl)C2(Cl)Cl,-1.5542256348699852,test,ClC1=C(Cl)C2(Cl)C3C4C=CC(C4)C3C1(Cl)C2(Cl)Cl,ClC1=C(Cl)C2(Cl)C3C4C=CC(C4)C3C1(Cl)C2(Cl)Cl
C1CCOC1,1.6893734828124054,train,C1CCOC1,C1CCOC1
Nc1ccccc1[N+](=O)[O-],0.520207992401657,train,Nc1ccccc1[N+](=O)[O-],Nc1ccccc1[N+](=O)[O-]
Clc1cccc(-c2cccc(Cl)c2Cl)c1Cl,-2.01855135820454,train,Clc1cccc(-c2cccc(Cl)c2Cl)c1Cl,Clc1cccc(-c2cccc(Cl)c2Cl)c1Cl
CCCCC1C(=O)N(c2ccccc2)N(c2ccccc2)C1=O,-0.3626312554595203,train,CCCCC1C(=O)N(c2ccccc2)N(c2ccccc2)C1=O,CCCCC1C(=O)N(c2ccccc2)N(c2ccccc2)C1=O
Cc1c([N+](=O)[O-])cccc1[N+](=O)[O-],0.0239091719824005,train,Cc1c([N+](=O)[O-])cccc1[N+](=O)[O-],Cc1c([N+](=O)[O-])cccc1[N+](=O)[O-]
CC(=O)C1CCC2C3CCC4=CC(=O)CCC4(C)C3CCC12C,-0.6537296020515841,train,CC(=O)C1CCC2C3CCC4=CC(=O)CCC4(C)C3CCC12C,CC(=O)C1CCC2C3CCC4=CC(=O)CCC4(C)C3CCC12C
CCN(CC)c1nc(Cl)nc(N(CC)CC)n1,-0.6494347084133408,train,CCN(CC)c1nc(Cl)nc(N(CC)CC)n1,CCN(CC)c1nc(Cl)nc(N(CC)CC)n1
O=C1C2CC=CCC2C(=O)N1SC(Cl)(Cl)C(Cl)Cl,-1.1213957982158838,test,O=C1C2CC=CCC2C(=O)N1SC(Cl)(Cl)C(Cl)Cl,O=C1C2CC=CCC2C(=O)N1SC(Cl)(Cl)C(Cl)Cl
Brc1ccc(Br)c(Br)c1,-0.691906434391527,train,Brc1ccc(Br)c(Br)c1,Brc1ccc(Br)c(Br)c1
O=C1Nc2ccc(Cl)cc2C(c2ccccc2)=NC1O,-0.4303951328629188,train,O=C1Nc2ccc(Cl)cc2C(c2ccccc2)=NC1O,O=C1Nc2ccc(Cl)cc2C(c2ccccc2)=NC1O
C=CCC1(C(C)CCC)C(=O)NC(=O)NC1=O,0.3312326723189401,train,C=CCC1(C(C)CCC)C(=O)NC(=O)NC1=O,C=CCC1(C(C)CCC)C(=O)NC(=O)NC1=O
Cc1ccc(C(C)C)cc1O,0.4629427438917427,train,Cc1ccc(C(C)C)cc1O,Cc1ccc(C(C)C)cc1O
O=C1CSC(=S)N1,0.6108779692090212,test,O=C1CSC(=S)N1,O=C1CSC(=S)N1
O=c1c(O)c(-c2ccc(O)cc2O)oc2cc(O)cc(O)c12,-0.0156992915702901,test,O=c1c(O)c(-c2ccc(O)cc2O)oc2cc(O)cc(O)c12,O=c1c(O)c(-c2ccc(O)cc2O)oc2cc(O)cc(O)c12
O=C1C2(Cl)C3(Cl)C4(Cl)C(Cl)(Cl)C5(Cl)C3(Cl)C1(Cl)C5(Cl)C24Cl,-1.0541091312167346,test,O=C1C2(Cl)C3(Cl)C4(Cl)C(Cl)(Cl)C5(Cl)C3(Cl)C1(Cl)C5(Cl)C24Cl,O=C1C2(Cl)C3(Cl)C4(Cl)C(Cl)(Cl)C5(Cl)C3(Cl)C1(Cl)C5(Cl)C24Cl
CCN(CC)C(=S)SSC(=S)N(CC)CC,-0.8637021799212697,train,CCN(CC)C(=S)SSC(=S)N(CC)CC,CCN(CC)C(=S)SSC(=S)N(CC)CC
C1CCCCC1,-0.0238118684425279,train,C1CCCCC1,C1CCCCC1
ClC1=C(Cl)C(Cl)(C2(Cl)C(Cl)=C(Cl)C(Cl)=C2Cl)C(Cl)=C1Cl,-2.0175969373960405,test,ClC1=C(Cl)C(Cl)(C2(Cl)C(Cl)=C(Cl)C(Cl)=C2Cl)C(Cl)=C1Cl,ClC1=C(Cl)C(Cl)(C2(Cl)C(Cl)=C(Cl)C(Cl)=C2Cl)C(Cl)=C1Cl
Cc1cc(Cl)ccc1N=CN(C)C,0.0907186285773005,train,Cc1cc(Cl)ccc1N=CN(C)C,Cc1cc(Cl)ccc1N=CN(C)C
CC12CCc3c(ccc4cc(O)ccc34)C1CCC2=O,-1.045042133535998,test,CC12CCc3c(ccc4cc(O)ccc34)C1CCC2=O,CC12CCc3c(ccc4cc(O)ccc34)C1CCC2=O
CCCCCCCCO,0.3150075185744643,train,CCCCCCCCO,CCCCCCCCO
CCSCC,0.8160784430362137,train,CCSCC,CCSCC
ClCCCl,0.9496973562260136,train,ClCCCl,ClCCCl
CCC(C)(C)Cl,0.2577422700645503,train,CCC(C)(C)Cl,CCC(C)(C)Cl
ClCCBr,0.8256226511211994,train,ClCCBr,ClCCBr
Nc1ccc([N+](=O)[O-])cc1,0.3245517266594501,train,Nc1ccc([N+](=O)[O-])cc1,Nc1ccc([N+](=O)[O-])cc1
OCC1OC(OC2C(CO)OC(O)C(O)C2O)C(O)C(O)C1O,1.3391010460934305,test,OCC1OC(OC2C(CO)OC(O)C(O)C2O)C(O)C(O)C1O,OCC1OC(OC2C(CO)OC(O)C(O)C2O)C(O)C(O)C1O
CCN1C(=O)c2cccnc2N(CC)c2ncccc21,0.0907186285773005,train,CCN1C(=O)c2cccnc2N(CC)c2ncccc21,CCN1C(=O)c2cccnc2N(CC)c2ncccc21
Clc1ccccc1,0.3197796226169573,train,Clc1ccccc1,Clc1ccccc1
C=CCCCCCCC,-0.9543721567286336,train,C=CCCCCCCC,C=CCCCCCCC
Brc1ccc(I)cc1,-0.7205390586464839,train,Brc1ccc(I)cc1,Brc1ccc(I)cc1
CCC(C)(O)CC,1.2837446392005132,train,CCC(C)(O)CC,CCC(C)(O)CC
CCCCCc1ccccc1,-0.7587158909864268,train,CCCCCc1ccccc1,CCCCCc1ccccc1
NC(=O)NC1NC(=O)NC1=O,0.6920037379313996,train,NC(=O)NC1NC(=O)NC1=O,NC(=O)NC1NC(=O)NC1=O
O=C(OCC(O)CO)c1ccccc1Nc1ccnc2cc(Cl)ccc12,-0.7257883730932265,test,O=C(OCC(O)CO)c1ccccc1Nc1ccnc2cc(Cl)ccc12,O=C(OCC(O)CO)c1ccccc1Nc1ccnc2cc(Cl)ccc12
Clc1ccc(C(c2ccc(Cl)cc2)C(Cl)Cl)cc1,-1.9803745258645968,train,Clc1ccc(C(c2ccc(Cl)cc2)C(Cl)Cl)cc1,Clc1ccc(C(c2ccc(Cl)cc2)C(Cl)Cl)cc1
CC(=O)OC1CCC2C3CCC4=CC(=O)CCC4(C)C3CCC12C,-1.018318350898038,train,CC(=O)OC1CCC2C3CCC4=CC(=O)CCC4(C)C3CCC12C,CC(=O)OC1CCC2C3CCC4=CC(=O)CCC4(C)C3CCC12C
Clc1cccc2ccccc12,-0.4198965039694346,train,Clc1cccc2ccccc12,Clc1cccc2ccccc12
CCN1c2ccccc2C(=O)N(C)c2ccccc21,-0.8107318250495988,test,CCN1c2ccccc2C(=O)N(C)c2ccccc21,CCN1c2ccccc2C(=O)N(C)c2ccccc21
CCCCC(C)O,1.030823124948392,train,CCCCC(C)O,CCCCC(C)O
CCCC1CCCC1,-0.8064369314113555,train,CCCC1CCCC1,CCCC1CCCC1
CCOC(=O)c1cncn1C(C)c1ccccc1,-0.8040508793901091,test,CCOC(=O)c1cncn1C(C)c1ccccc1,CCOC(=O)c1cncn1C(C)c1ccccc1
Oc1ccc(Cl)c(Cl)c1,0.8590273794186494,train,Oc1ccc(Cl)c(Cl)c1,Oc1ccc(Cl)c(Cl)c1
CC1(C)C(C=C(Cl)Cl)C1C(=O)OC(C#N)c1cccc(Oc2ccccc2)c1,-2.370255426136263,train,CC1(C)C(C=C(Cl)Cl)C1C(=O)OC(C#N)c1cccc(Oc2ccccc2)c1,CC1(C)C(C=C(Cl)Cl)C1C(=O)OC(C#N)c1cccc(Oc2ccccc2)c1
c1ccc2ocnc2c1,0.9019763158010852,test,c1ccc2ocnc2c1,c1ccc2ocnc2c1
CCCCCO,1.1692141421806843,train,CCCCCO,CCCCCO
CCN(CC)c1ccccc1,0.009592859854922,train,CCN(CC)c1ccccc1,CCN(CC)c1ccccc1
Fc1cccc(F)c1,0.5011195762316856,train,Fc1cccc(F)c1,Fc1cccc(F)c1
N#CCCCl,1.317149367497963,train,N#CCCCl,N#CCCCl
CC(C)(C)Cc1ccccc1,-0.5248827929042774,train,CC(C)(C)Cc1ccccc1,CC(C)(C)Cc1ccccc1
CCC1(c2ccccc2)C(=O)NC(=O)NC1=O,0.3474578260634158,train,CCC1(c2ccccc2)C(=O)NC(=O)NC1=O,CCC1(c2ccccc2)C(=O)NC(=O)NC1=O
Clc1ccccc1I,-0.2337844463122133,train,Clc1ccccc1I,Clc1ccccc1I
c1ccc2[nH]nnc2c1,1.0833162694158132,test,c1ccc2[nH]nnc2c1,c1ccc2[nH]nnc2c1
CNC(=O)Oc1cccc2c1OC(C)(C)C2,0.1193512528322576,train,CNC(=O)Oc1cccc2c1OC(C)(C)C2,CNC(=O)Oc1cccc2c1OC(C)(C)C2
Cc1cccc(C)c1O,0.8399389632486779,train,Cc1cccc(C)c1O,Cc1cccc(C)c1O
CC(C)C(C)O,1.3696425119653843,train,CC(C)C(C)O,CC(C)C(C)O
OC(c1ccccc1)c1ccccc1,0.2386538538945789,train,OC(c1ccccc1)c1ccccc1,OC(c1ccccc1)c1ccccc1
CCCCCCCCCC(=O)OC,-0.7825764111988913,train,CCCCCCCCCC(=O)OC,CCCCCCCCCC(=O)OC
COP(=S)(OC)Oc1ccc([N+](=O)[O-])cc1Cl,-0.6012364575841627,train,COP(=S)(OC)Oc1ccc([N+](=O)[O-])cc1Cl,COP(=S)(OC)Oc1ccc([N+](=O)[O-])cc1Cl
CC(C)CBr,0.2959191024044929,train,CC(C)CBr,CC(C)CBr
CCI,0.6920037379313996,train,CCI,CCI
Cc1nc(N(C)C)nc(OC(=O)N(C)C)c1C,0.5249800964441499,train,Cc1nc(N(C)C)nc(OC(=O)N(C)C)c1C,Cc1nc(N(C)C)nc(OC(=O)N(C)C)c1C
CCCCCCBr,-0.3626312554595203,train,CCCCCCBr,CCCCCCBr
CCCC(C)C,-0.3292265271620704,train,CCCC(C)C,CCCC(C)C
Cc1c(F)c(F)c(COC(=O)C2C(C=C(Cl)C(F)(F)F)C2(C)C)c(F)c1F,-2.0381169847787604,test,Cc1c(F)c(F)c(COC(=O)C2C(C=C(Cl)C(F)(F)F)C2(C)C)c(F)c1F,Cc1c(F)c(F)c(COC(=O)C2C(C=C(Cl)C(F)(F)F)C2(C)C)c(F)c1F
CCc1cccc(C)c1N(C(=O)CCl)C(C)COC,0.1527559811297075,train,CCc1cccc(C)c1N(C(=O)CCl)C(C)COC,CCc1cccc(C)c1N(C(=O)CCl)C(C)COC
O=[N+]([O-])c1ccc(C=NO)o1,0.4104495994243214,train,O=[N+]([O-])c1ccc(C=NO)o1,O=[N+]([O-])c1ccc(C=NO)o1
CC(C)C(Nc1ccc(C(F)(F)F)cc1Cl)C(=O)OC(C#N)c1cccc(Oc2ccccc2)c1,-2.3635744804767724,test,CC(C)C(Nc1ccc(C(F)(F)F)cc1Cl)C(=O)OC(C#N)c1cccc(Oc2ccccc2)c1,CC(C)C(Nc1ccc(C(F)(F)F)cc1Cl)C(=O)OC(C#N)c1cccc(Oc2ccccc2)c1
Nc1nc[nH]n1,1.7046442157483823,valid,Nc1nc[nH]n1,Nc1nc[nH]n1
BrC(Br)Br,0.5440685126141213,train,BrC(Br)Br,BrC(Br)Br
COP(=O)(OC)C(O)C(Cl)(Cl)Cl,1.350554095795413,train,COP(=O)(OC)C(O)C(Cl)(Cl)Cl,COP(=O)(OC)C(O)C(Cl)(Cl)Cl
CCOP(=S)(OCC)SCn1c(=O)oc2cc(Cl)ccc21,-1.0417016607062528,train,CCOP(=S)(OCC)SCn1c(=O)oc2cc(Cl)ccc21,CCOP(=S)(OCC)SCn1c(=O)oc2cc(Cl)ccc21
OCc1ccccc1,1.2646562230305416,train,OCc1ccccc1,OCc1ccccc1
O=c1oc2ccccc2c(O)c1C1CCCc2ccccc21,0.1002628366622862,test,O=c1oc2ccccc2c(O)c1C1CCCc2ccccc21,O=c1oc2ccccc2c(O)c1C1CCCc2ccccc21
Oc1ccc(Br)cc1,0.935381044098535,train,Oc1ccc(Br)cc1,Oc1ccc(Br)cc1
CC(C)Br,0.6967758419738924,train,CC(C)Br,CC(C)Br
CC(C)CC(C)(C)C,-0.8064369314113555,train,CC(C)CC(C)(C)C,CC(C)CC(C)(C)C
O=[N+]([O-])c1cc([N+](=O)[O-])cc([N+](=O)[O-])c1,0.0764023164498218,train,O=[N+]([O-])c1cc([N+](=O)[O-])cc([N+](=O)[O-])c1,O=[N+]([O-])c1cc([N+](=O)[O-])cc([N+](=O)[O-])c1
CN1C(=O)CN=C(c2ccccc2)c2cc([N+](=O)[O-])ccc21,-0.3559503098000302,train,CN1C(=O)CN=C(c2ccccc2)c2cc([N+](=O)[O-])ccc21,CN1C(=O)CN=C(c2ccccc2)c2cc([N+](=O)[O-])ccc21
CCC,0.5297522004866427,train,CCC,CCC
Nc1cc(N2CCCCC2)nc(N)[n+]1[O-],0.5063688906784277,test,Nc1cc(N2CCCCC2)nc(N)[n+]1[O-],Nc1cc(N2CCCCC2)nc(N)[n+]1[O-]
Nc1cccc2nc3ccccc3cc12,-0.5582875212017271,train,Nc1cccc2nc3ccccc3cc12,Nc1cccc2nc3ccccc3cc12
c1ccc2cc3c(cc2c1)-c1cccc2cccc-3c12,-2.5959759473461745,test,c1ccc2cc3c(cc2c1)-c1cccc2cccc-3c12,c1ccc2cc3c(cc2c1)-c1cccc2cccc-3c12
OC(c1ccc(Cl)cc1)(c1ccc(Cl)cc1)C(Cl)(Cl)Cl,-1.2483337657461937,train,OC(c1ccc(Cl)cc1)(c1ccc(Cl)cc1)C(Cl)(Cl)Cl,OC(c1ccc(Cl)cc1)(c1ccc(Cl)cc1)C(Cl)(Cl)Cl
c1cc2c3c(cccc3c1)CC2,-0.753943786943934,test,c1cc2c3c(cccc3c1)CC2,c1cc2c3c(cccc3c1)CC2
CCOP(=S)(OCC)SC(CCl)N1C(=O)c2ccccc2C1=O,-1.569973578210211,train,CCOP(=S)(OCC)SC(CCl)N1C(=O)c2ccccc2C1=O,CCOP(=S)(OCC)SC(CCl)N1C(=O)c2ccccc2C1=O
Brc1ccc(Br)cc1,-0.4867059605643345,train,Brc1ccc(Br)cc1,Brc1ccc(Br)cc1
Cn1c(=O)on(-c2ccc(Cl)c(Cl)c2)c1=O,0.1098070447472719,test,Cn1c(=O)on(-c2ccc(Cl)c(Cl)c2)c1=O,Cn1c(=O)on(-c2ccc(Cl)c(Cl)c2)c1=O
Oc1ccc(-c2ccccc2)cc1,-0.2051518220572562,train,Oc1ccc(-c2ccccc2)cc1,Oc1ccc(-c2ccccc2)cc1
CC1=C(C(=O)Nc2ccccc2)CCCO1,0.2338817498520859,test,CC1=C(C(=O)Nc2ccccc2)CCCO1,CC1=C(C(=O)Nc2ccccc2)CCCO1
C=COCC,1.0499115411183633,train,C=COCC,C=COCC
C#CCC,0.8637994834611422,train,C#CCC,C#CCC
COc1ncnc2nccnc12,0.9258368360135492,train,COc1ncnc2nccnc12,COc1ncnc2nccnc12
CCCCC(C)(O)CC,0.6920037379313996,train,CCCCC(C)(O)CC,CCCCC(C)(O)CC
Clc1ccc(Cl)cc1,-0.1049376371649064,train,Clc1ccc(Cl)cc1,Clc1ccc(Cl)cc1
CC(=O)OCN1C(=O)NC(c2ccccc2)(c2ccccc2)C1=O,-0.6775901222640484,train,CC(=O)OCN1C(=O)NC(c2ccccc2)(c2ccccc2)C1=O,CC(=O)OCN1C(=O)NC(c2ccccc2)(c2ccccc2)C1=O
CSCS(=O)CC(CO)NC(=O)C=Cc1c(C)[nH]c(=O)[nH]c1=O,0.510186573912422,train,CSCS(=O)CC(CO)NC(=O)C=Cc1c(C)[nH]c(=O)[nH]c1=O,CSCS(=O)CC(CO)NC(=O)C=Cc1c(C)[nH]c(=O)[nH]c1=O
Cc1c[nH]c2ccccc12,0.3006912064469859,train,Cc1c[nH]c2ccccc12,Cc1c[nH]c2ccccc12
COc1ncc2nccnc2n1,0.9258368360135492,train,COc1ncc2nccnc2n1,COc1ncc2nccnc2n1
CNC(=O)Oc1ccccc1C1OCCO1,0.7063200500588781,test,CNC(=O)Oc1ccccc1C1OCCO1,CNC(=O)Oc1ccccc1C1OCCO1
CC(C)CNC(=O)N1CCNC1=O,0.4295380155942929,test,CC(C)CNC(=O)N1CCNC1=O,CC(C)CNC(=O)N1CCNC1=O
CC#N,1.5796150898350696,train,CC#N,CC#N
CCOC(=O)NCCOc1ccc(Oc2ccccc2)cc1,-0.787348515241384,train,CCOC(=O)NCCOc1ccc(Oc2ccccc2)cc1,CCOC(=O)NCCOc1ccc(Oc2ccccc2)cc1
CC(=O)N(c1onc(C)c1C)S(=O)c1ccc(N)cc1,-0.2576449665246775,test,CC(=O)N(c1onc(C)c1C)S(=O)c1ccc(N)cc1,CC(=O)N(c1onc(C)c1C)S(=O)c1ccc(N)cc1
ClCC(Cl)(Cl)Cl,0.4152217034668142,train,ClCC(Cl)(Cl)Cl,ClCC(Cl)(Cl)Cl
CCCCO,1.4555403847302557,train,CCCCO,CCCCO
CC1CCCCC1NC(=O)Nc1ccccc1,-0.5057943767343059,test,CC1CCCCC1NC(=O)Nc1ccccc1,CC1CCCCC1NC(=O)Nc1ccccc1
Clc1cc(Cl)cc(Cl)c1,-0.6823622263065415,train,Clc1cc(Cl)cc(Cl)c1,Clc1cc(Cl)cc(Cl)c1
O=Cc1ccco1,1.407819344305327,train,O=Cc1ccco1,O=Cc1ccco1
CC(C)CCO,1.2121630785631203,train,CC(C)CCO,CC(C)CCO
O=Cc1ccc2c(c1)OCO2,0.677687425803921,test,O=Cc1ccc2c(c1)OCO2,O=Cc1ccc2c(c1)OCO2
C=C(C)C,0.3436401428294215,train,C=C(C)C,C=C(C)C
O=Cc1ccccc1,0.8876600036736065,train,O=Cc1ccccc1,O=Cc1ccccc1
C=C(C)C(=C)C,0.3102354145319716,train,C=C(C)C(=C)C,C=C(C)C(=C)C
CCOC(=O)CCN(SN(C)C(=O)Oc1cccc2c1OC(C)(C)C2)C(C)C,-0.7921206192838769,train,CCOC(=O)CCN(SN(C)C(=O)Oc1cccc2c1OC(C)(C)C2)C(C)C,CCOC(=O)CCN(SN(C)C(=O)Oc1cccc2c1OC(C)(C)C2)C(C)C
CN1C(=O)c2cccnc2Oc2ccccc21,-0.296776219673119,valid,CN1C(=O)c2cccnc2Oc2ccccc21,CN1C(=O)c2cccnc2Oc2ccccc21
c1ccc2c(c1)Cc1ccccc1-2,-0.9305116365161696,valid,c1ccc2c(c1)Cc1ccccc1-2,c1ccc2c(c1)Cc1ccccc1-2
CC1CCCCC1,-0.3817196716294918,train,CC1CCCCC1,CC1CCCCC1
N=C(N)NS(=O)(=O)c1ccc(N)cc1,0.5058916802741784,train,N=C(N)NS(=O)(=O)c1ccc(N)cc1,N=C(N)NS(=O)(=O)c1ccc(N)cc1
COC(=O)c1ccc(O)cc1,0.5836769761668119,train,COC(=O)c1ccc(O)cc1,COC(=O)c1ccc(O)cc1
CC1CCCO1,1.508033529197677,train,CC1CCCO1,CC1CCCO1
CC1=C2C3OC(=O)C(C)C3CCC2(C)C=CC1=O,-0.019039764400035,test,CC1=C2C3OC(=O)C(C)C3CCC2(C)C=CC1=O,CC1=C2C3OC(=O)C(C)C3CCC2(C)C=CC1=O
OCc1ccccc1OC1OC(CO)C(O)C(O)C1O,1.0499115411183633,test,OCc1ccccc1OC1OC(CO)C(O)C(O)C1O,OCc1ccccc1OC1OC(CO)C(O)C(O)C1O
CCCI,0.3627285589993929,train,CCCI,CCCI
CCNc1nc(NC(C)C)nc(SC)n1,0.0048207558124291,train,CCNc1nc(NC(C)C)nc(SC)n1,CCNc1nc(NC(C)C)nc(SC)n1
CCCO,1.7514108353648123,train,CCCO,CCCO
CC(=O)C1(O)CCC2C3CCC4=CC(=O)CCC4(C)C3CCC21C,-0.3659717282892654,train,CC(=O)C1(O)CCC2C3CCC4=CC(=O)CCC4(C)C3CCC21C,CC(=O)C1(O)CCC2C3CCC4=CC(=O)CCC4(C)C3CCC21C
CCCC(C)O,1.317149367497963,train,CCCC(C)O,CCCC(C)O
O=C(c1ccccc1)C(O)c1ccccc1,0.0954907326197932,test,O=C(c1ccccc1)C(O)c1ccccc1,O=C(c1ccccc1)C(O)c1ccccc1
Cc1ccc(O)c(C)c1,0.8876600036736065,train,Cc1ccc(O)c(C)c1,Cc1ccc(O)c(C)c1
O=[N+]([O-])c1cccc(Cl)c1,0.1336675649597361,train,O=[N+]([O-])c1cccc(Cl)c1,O=[N+]([O-])c1cccc(Cl)c1
Cc1c(N)c(=O)n(-c2ccccc2)n1C,1.1577610924787018,train,Cc1c(N)c(=O)n(-c2ccccc2)n1C,Cc1c(N)c(=O)n(-c2ccccc2)n1C
Clc1ccc(-c2cc(Cl)ccc2Cl)c(Cl)c1,-1.6797319711875471,train,Clc1ccc(-c2cc(Cl)ccc2Cl)c(Cl)c1,Clc1ccc(-c2cc(Cl)ccc2Cl)c(Cl)c1
ClC(Cl)=C(Cl)C(Cl)=C(Cl)Cl,-0.8923348041762267,train,ClC(Cl)=C(Cl)C(Cl)=C(Cl)Cl,ClC(Cl)=C(Cl)C(Cl)=C(Cl)Cl
CCNc1nc(NC(C)(C)C)nc(SC)n1,-0.4533012322668844,train,CCNc1nc(NC(C)(C)C)nc(SC)n1,CCNc1nc(NC(C)(C)C)nc(SC)n1
CCC(C)CCO,1.1167209977132633,train,CCC(C)CCO,CCC(C)CCO
Cc1ncc2nccnc2n1,1.3982751362203414,train,Cc1ncc2nccnc2n1,Cc1ncc2nccnc2n1
C#CC1(O)CCC2C3CCC4=Cc5oncc5CC4(C)C3CCC21C,-1.1724573114705572,test,C#CC1(O)CCC2C3CCC4=Cc5oncc5CC4(C)C3CCC21C,C#CC1(O)CCC2C3CCC4=Cc5oncc5CC4(C)C3CCC21C
CCCCI,0.0429975881523719,train,CCCCI,CCCCI
Brc1ccc2ccccc2c1,-0.6441853939665987,train,Brc1ccc2ccccc2c1,Brc1ccc2ccccc2c1
CC1OC(OC2C(O)CC(OC3C(O)CC(OC4CCC5(C)C(CCC6C5CC(O)C5(C)C(C7=CC(=O)OC7)CCC65O)C4)OC3C)OC2C)CC(O)C1O,-0.4919552750110768,train,CC1OC(OC2C(O)CC(OC3C(O)CC(OC4CCC5(C)C(CCC6C5CC(O)C5(C)C(C7=CC(=O)OC7)CCC65O)C4)OC3C)OC2C)CC(O)C1O,CC1OC(OC2C(O)CC(OC3C(O)CC(OC4CCC5(C)C(CCC6C5CC(O)C5(C)C(C7=CC(=O)OC7)CCC65O)C4)OC3C)OC2C)CC(O)C1O
FC(F)(F)c1ccccc1,0.2577422700645503,train,FC(F)(F)c1ccccc1,FC(F)(F)c1ccccc1
CCCCCCOC(=O)c1ccccc1C(=O)OCCCCCC,-1.4764403389773515,train,CCCCCCOC(=O)c1ccccc1C(=O)OCCCCCC,CCCCCCOC(=O)c1ccccc1C(=O)OCCCCCC
c1ccc2c(c1)sc1ccccc12,-0.6346411858816128,test,c1ccc2c(c1)sc1ccccc12,c1ccc2c(c1)sc1ccccc12
Clc1ccc(-c2ccc(Cl)c(Cl)c2Cl)c(Cl)c1,-2.266700768414168,train,Clc1ccc(-c2ccc(Cl)c(Cl)c2Cl)c(Cl)c1,Clc1ccc(-c2ccc(Cl)c(Cl)c2Cl)c(Cl)c1
Clc1ccc(-c2ccc(Cl)c(Cl)c2Cl)c(Cl)c1Cl,-2.366914953306517,train,Clc1ccc(-c2ccc(Cl)c(Cl)c2Cl)c(Cl)c1Cl,Clc1ccc(-c2ccc(Cl)c(Cl)c2Cl)c(Cl)c1Cl
CC(=O)CC(c1ccccc1)c1c(O)c2ccccc2oc1=O,-0.4022397190122109,train,CC(=O)CC(c1ccccc1)c1c(O)c2ccccc2oc1=O,CC(=O)CC(c1ccccc1)c1c(O)c2ccccc2oc1=O
OC(c1ccccc1)C(O)c1ccccc1,0.5345243045291356,train,OC(c1ccccc1)C(O)c1ccccc1,OC(c1ccccc1)C(O)c1ccccc1
COC(=O)c1ccccc1C(=O)OC,0.6633711136764425,train,COC(=O)c1ccccc1C(=O)OC,COC(=O)c1ccccc1C(=O)OC
CCCCCCCC(=O)OCC,-0.1622028856748206,train,CCCCCCCC(=O)OCC,CCCCCCCC(=O)OCC
CCSSCC,0.3006912064469859,train,CCSSCC,CCSSCC
CCOCCOCC,1.0880883734583062,train,CCOCCOCC,CCOCCOCC
Clc1cc(Cl)c(Cl)cc1Cl,-1.197749462895769,train,Clc1cc(Cl)c(Cl)cc1Cl,Clc1cc(Cl)c(Cl)cc1Cl
Nc1ccc(-c2ccc(N)cc2)cc1,0.1670722932571859,train,Nc1ccc(-c2ccc(N)cc2)cc1,Nc1ccc(-c2ccc(N)cc2)cc1
C=CCCCCC,-0.3244544231195775,train,C=CCCCCC,C=CCCCCC
CCCCc1c(C)nc(NCC)[nH]c1=O,0.0105472806634205,train,CCCCc1c(C)nc(NCC)[nH]c1=O,CCCCc1c(C)nc(NCC)[nH]c1=O
CCCC(C)C1(CC)C(=O)NC(=O)NC1=O,0.3150075185744643,train,CCCC(C)C1(CC)C(=O)NC(=O)NC1=O,CCCC(C)C1(CC)C(=O)NC(=O)NC1=O
Nc1ccccc1Cl,0.7301805702713424,train,Nc1ccccc1Cl,Nc1ccccc1Cl
COc1cccc(Cl)c1,0.1288954609172433,train,COc1cccc(Cl)c1,COc1cccc(Cl)c1
CCCCN(CC)C(=O)SCCC,-0.2290123422697204,train,CCCCN(CC)C(=O)SCCC,CCCCN(CC)C(=O)SCCC
CCCCOC=O,0.8017621309087352,train,CCCCOC=O,CCCCOC=O
CC12C=CC(=O)C=C1CCC1C2C(O)CC2(C)C1CCC2(O)C(=O)CO,-0.0619887007824708,train,CC12C=CC(=O)C=C1CCC1C2C(O)CC2(C)C1CCC2(O)C(=O)CO,CC12C=CC(=O)C=C1CCC1C2C(O)CC2(C)C1CCC2(O)C(=O)CO
ClC(Cl)Br,0.7206363621863567,train,ClC(Cl)Br,ClC(Cl)Br
CC12CC(=O)C3C(CCC4=CC(=O)CCC43C)C1CCC2=O,-0.2051518220572562,test,CC12CC(=O)C3C(CCC4=CC(=O)CCC43C)C1CCC2=O,CC12CC(=O)C3C(CCC4=CC(=O)CCC43C)C1CCC2=O
c1ccc(-c2ccc(-c3ccccc3)cc2)cc1,-1.937425589482161,test,c1ccc(-c2ccc(-c3ccccc3)cc2)cc1,c1ccc(-c2ccc(-c3ccccc3)cc2)cc1
O=Cc1ccc(O)cc1,0.997418396650942,train,O=Cc1ccc(O)cc1,O=Cc1ccc(O)cc1
CBr,1.0785441653733203,train,CBr,CBr
Cc1cc(S(=O)(=O)c2ccccc2)ccc1NS(=O)(=O)C(F)(F)F,-0.3578591514170274,valid,Cc1cc(S(=O)(=O)c2ccccc2)ccc1NS(=O)(=O)C(F)(F)F,Cc1cc(S(=O)(=O)c2ccccc2)ccc1NS(=O)(=O)C(F)(F)F
CC(=O)CC(c1ccc(Cl)cc1)c1c(O)c2ccccc2oc1=O,-1.3308911656813198,train,CC(=O)CC(c1ccc(Cl)cc1)c1c(O)c2ccccc2oc1=O,CC(=O)CC(c1ccc(Cl)cc1)c1c(O)c2ccccc2oc1=O
CCc1ccc2ccccc2c1,-0.5916922494991772,train,CCc1ccc2ccccc2c1,CCc1ccc2ccccc2c1
Cc1c[nH]c(=O)nc1N,0.759767615334798,train,Cc1c[nH]c(=O)nc1N,Cc1c[nH]c(=O)nc1N
Clc1c(Cl)c(Cl)c(-c2ccccc2)c(Cl)c1Cl,-2.3239660169240817,train,Clc1c(Cl)c(Cl)c(-c2ccccc2)c(Cl)c1Cl,Clc1c(Cl)c(Cl)c(-c2ccccc2)c(Cl)c1Cl
O=C(Nc1ccccc1)c1ccccc1I,-0.5535154171592344,train,O=C(Nc1ccccc1)c1ccccc1I,O=C(Nc1ccccc1)c1ccccc1I
Cc1cc2nc3c(=O)[nH]c(=O)nc-3n(CC(O)C(O)C(O)CO)c2cc1C,-0.3029799549283597,test,Cc1cc2nc3c(=O)[nH]c(=O)nc-3n(CC(O)C(O)C(O)CO)c2cc1C,Cc1cc2nc3c(=O)[nH]c(=O)nc-3n(CC(O)C(O)C(O)CO)c2cc1C
Fc1ccccc1Br,0.1670722932571859,train,Fc1ccccc1Br,Fc1ccccc1Br
Oc1ccc(Cl)cc1Cl,0.7158642581438638,train,Oc1ccc(Cl)cc1Cl,Oc1ccc(Cl)cc1Cl
CC1(C)C(C=C(Cl)Cl)C1C(=O)OCc1cccc(Oc2ccccc2)c1,-1.5465902684019968,train,CC1(C)C(C=C(Cl)Cl)C1C(=O)OCc1cccc(Oc2ccccc2)c1,CC1(C)C(C=C(Cl)Cl)C1C(=O)OCc1cccc(Oc2ccccc2)c1
CN1C(C(=O)Nc2ccccn2)=C(O)c2ccccc2S1(=O)=O,-0.5296548969467701,test,CN1C(C(=O)Nc2ccccn2)=C(O)c2ccccc2S1(=O)=O,CN1C(C(=O)Nc2ccccn2)=C(O)c2ccccc2S1(=O)=O
CCC(=O)OCN1C(=O)NC(c2ccccc2)(c2ccccc2)C1=O,-0.886131068920986,train,CCC(=O)OCN1C(=O)NC(c2ccccc2)(c2ccccc2)C1=O,CCC(=O)OCN1C(=O)NC(c2ccccc2)(c2ccccc2)C1=O
C1CCCC1,0.1957049175121431,train,C1CCCC1,C1CCCC1
Cc1ccccc1N,0.4009053913393357,train,Cc1ccccc1N,Cc1ccccc1N
C=CCc1ccc(OC)cc1,0.0620860043223433,train,C=CCc1ccc(OC)cc1,C=CCc1ccc(OC)cc1
CN(C)C(=O)Nc1cccc(OC(=O)NC(C)(C)C)c1,0.0573139002798504,train,CN(C)C(=O)Nc1cccc(OC(=O)NC(C)(C)C)c1,CN(C)C(=O)Nc1cccc(OC(=O)NC(C)(C)C)c1
C=CC(C)C,0.1527559811297075,train,C=CC(C)C,C=CC(C)C
Oc1ccccn1,1.9422949970645265,train,Oc1ccccn1,Oc1ccccn1
CC,0.806534234951228,train,CC,CC
Clc1ccccc1Cl,4.86517699363843e-05,train,Clc1ccccc1Cl,Clc1ccccc1Cl
Sc1nc2ccccc2s1,-0.0619887007824708,train,Sc1nc2ccccc2s1,Sc1nc2ccccc2s1
Clc1c(Cl)c(Cl)c(-c2c(Cl)c(Cl)c(Cl)c(Cl)c2Cl)c(Cl)c1Cl,-4.080100304561451,train,Clc1c(Cl)c(Cl)c(-c2c(Cl)c(Cl)c(Cl)c(Cl)c2Cl)c(Cl)c1Cl,Clc1c(Cl)c(Cl)c(-c2c(Cl)c(Cl)c(Cl)c(Cl)c2Cl)c(Cl)c1Cl
COc1c2occc2cc2ccc(=O)oc12,-0.2929585364391248,test,COc1c2occc2cc2ccc(=O)oc12,COc1c2occc2cc2ccc(=O)oc12
CC(N)=O,2.209532823444126,train,CC(N)=O,CC(N)=O
Cc1cccc2ccccc12,-0.310138110992099,train,Cc1cccc2ccccc12,Cc1cccc2ccccc12
CCN(CC)C(=O)C(C)Oc1cccc2ccccc12,-0.2481007584396918,train,CCN(CC)C(=O)C(C)Oc1cccc2ccccc12,CCN(CC)C(=O)C(C)Oc1cccc2ccccc12
CC(O)C(C)(C)C,1.1596699340956989,train,CC(O)C(C)(C)C,CC(O)C(C)(C)C
CCCC(=O)OCC,0.806534234951228,train,CCCC(=O)OCC,CCCC(=O)OCC
CC1=CC(=O)c2ccccc2C1=O,0.009592859854922,train,CC1=CC(=O)c2ccccc2C1=O,CC1=CC(=O)c2ccccc2C1=O
c1ccc2c(c1)ccc1ccccc12,-1.0545863416209835,train,c1ccc2c(c1)ccc1ccccc12,c1ccc2c(c1)ccc1ccccc12
Cc1ccnc(C)c1,1.636880338344984,train,Cc1ccnc(C)c1,Cc1ccnc(C)c1
CCCCCCCCCO,0.0191370679399078,train,CCCCCCCCCO,CCCCCCCCCO
BrCBr,0.8972042117585922,train,BrCBr,BrCBr
CC1CC2C3CCC4=CC(=O)C=CC4(C)C3(F)C(O)CC2(C)C1(O)C(=O)CO,-0.2576449665246775,train,CC1CC2C3CCC4=CC(=O)C=CC4(C)C3(F)C(O)CC2(C)C1(O)C(=O)CO,CC1CC2C3CCC4=CC(=O)C=CC4(C)C3(F)C(O)CC2(C)C1(O)C(=O)CO
Cc1ccc2cc(C)ccc2c1,-0.878018492048748,train,Cc1ccc2cc(C)ccc2c1,Cc1ccc2cc(C)ccc2c1
CCSC(=O)N(CC(C)C)CC(C)C,-0.3005939029071133,train,CCSC(=O)N(CC(C)C)CC(C)C,CCSC(=O)N(CC(C)C)CC(C)C
O=[N+]([O-])OCC(CO[N+](=O)[O-])O[N+](=O)[O-],0.3961332872968428,train,O=[N+]([O-])OCC(CO[N+](=O)[O-])O[N+](=O)[O-],O=[N+]([O-])OCC(CO[N+](=O)[O-])O[N+](=O)[O-]
Nc1cccc([N+](=O)[O-])c1,0.4104495994243214,train,Nc1cccc([N+](=O)[O-])c1,Nc1cccc([N+](=O)[O-])c1
CCCCCl,0.4868032641042071,train,CCCCCl,CCCCCl
O=CNC(N1C=CN(C(NC=O)C(Cl)(Cl)Cl)C=C1)C(Cl)(Cl)Cl,-0.5439712090742488,test,O=CNC(N1C=CN(C(NC=O)C(Cl)(Cl)Cl)C=C1)C(Cl)(Cl)Cl,O=CNC(N1C=CN(C(NC=O)C(Cl)(Cl)Cl)C=C1)C(Cl)(Cl)Cl
Cn1cc(-c2ccccc2)c(=O)c(-c2cccc(C(F)(F)F)c2)c1,-0.6656598621578165,test,Cn1cc(-c2ccccc2)c(=O)c(-c2cccc(C(F)(F)F)c2)c1,Cn1cc(-c2ccccc2)c(=O)c(-c2cccc(C(F)(F)F)c2)c1
Nc1cc2c3ccccc3ccc2c2ccccc12,-1.5031641216153115,train,Nc1cc2c3ccccc3ccc2c2ccccc12,Nc1cc2c3ccccc3ccc2c2ccccc12
CC12CCC3c4ccc(O)cc4CCC3C1CCC2=O,-0.4318267640756666,test,CC12CCC3c4ccc(O)cc4CCC3C1CCC2=O,CC12CCC3c4ccc(O)cc4CCC3C1CCC2=O
CCN1c2ccccc2N(C)C(=S)c2cccnc21,-0.7902117776668799,test,CCN1c2ccccc2N(C)C(=S)c2cccnc21,CCN1c2ccccc2N(C)C(=S)c2cccnc21
CC1CO1,1.1739862462231776,test,CC1CO1,CC1CO1
O=C1CN=C(c2ccccc2)c2cc([N+](=O)[O-])ccc2N1,-0.3559503098000302,train,O=C1CN=C(c2ccccc2)c2cc([N+](=O)[O-])ccc2N1,O=C1CN=C(c2ccccc2)c2cc([N+](=O)[O-])ccc2N1
CCNC(=S)NCC,0.7588131945262995,train,CCNC(=S)NCC,CCNC(=S)NCC
Oc1cc(Cl)cc(Cl)c1Cl,0.1813886053846646,train,Oc1cc(Cl)cc(Cl)c1Cl,Oc1cc(Cl)cc(Cl)c1Cl
CCCCC(=O)OC,0.8160784430362137,train,CCCCC(=O)OC,CCCCC(=O)OC
Nc1ccccc1,1.2598841189880488,train,Nc1ccccc1,Nc1ccccc1
Cc1cccc2c(C)cccc12,-0.7773270967521487,train,Cc1cccc2c(C)cccc12,Cc1cccc2c(C)cccc12
NS(=O)(=O)c1cc2c(cc1Cl)NCNS2(=O)=O,0.200477021554636,train,NS(=O)(=O)c1cc2c(cc1Cl)NCNS2(=O)=O,NS(=O)(=O)c1cc2c(cc1Cl)NCNS2(=O)=O
C1=Cc2cccc3cccc1c23,-0.4342128160969131,test,C1=Cc2cccc3cccc1c23,C1=Cc2cccc3cccc1c23
CCCCCOC(=O)CC,0.8447110672911708,train,CCCCCOC(=O)CC,CCCCCOC(=O)CC
CCNc1nc(NC(C)C)nc(OC)n1,0.4610339022747456,train,CCNc1nc(NC(C)C)nc(OC)n1,CCNc1nc(NC(C)C)nc(OC)n1
c1ccc2c(c1)cc1ccc3cccc4ccc2c1c34,-2.6957129218342746,test,c1ccc2c(c1)cc1ccc3cccc4ccc2c1c34,c1ccc2c(c1)cc1ccc3cccc4ccc2c1c34
CCBr,0.935381044098535,train,CCBr,CCBr
CCC#CCC,0.5058916802741784,train,CCC#CCC,CCC#CCC
CC1OC(OC2C(O)CC(OC3C(O)CC(OC4CCC5(C)C(CCC6C5CCC5(C)C(C7=CC(=O)OC7)CCC65O)C4)OC3C)OC2C)CC(O)C1O,-1.0703342849612096,train,CC1OC(OC2C(O)CC(OC3C(O)CC(OC4CCC5(C)C(CCC6C5CCC5(C)C(C7=CC(=O)OC7)CCC65O)C4)OC3C)OC2C)CC(O)C1O,CC1OC(OC2C(O)CC(OC3C(O)CC(OC4CCC5(C)C(CCC6C5CCC5(C)C(C7=CC(=O)OC7)CCC65O)C4)OC3C)OC2C)CC(O)C1O
C=C(C)CC,0.1527559811297075,train,C=C(C)CC,C=C(C)CC
Oc1cccc2cccnc12,0.3006912064469859,train,Oc1cccc2cccnc12,Oc1cccc2cccnc12
c1ccc2c(c1)CCCC2,-0.62986908183912,valid,c1ccc2c(c1)CCCC2,c1ccc2c(c1)CCCC2
O=C1OC(c2ccc(O)cc2)(c2ccc(O)cc2)c2ccccc21,0.0716302124073291,test,O=C1OC(c2ccc(O)cc2)(c2ccc(O)cc2)c2ccccc21,O=C1OC(c2ccc(O)cc2)(c2ccc(O)cc2)c2ccccc21
Brc1cc(Br)cc(Br)c1,-1.2168378790657404,train,Brc1cc(Br)cc(Br)c1,Brc1cc(Br)cc(Br)c1
COP(=S)(OC)Oc1cc(Cl)c(Cl)cc1Cl,-1.2741031275756547,train,COP(=S)(OC)Oc1cc(Cl)c(Cl)cc1Cl,COP(=S)(OC)Oc1cc(Cl)c(Cl)cc1Cl
Cc1cc(=O)[nH]c(=S)[nH]1,0.2930558399789973,test,Cc1cc(=O)[nH]c(=S)[nH]1,Cc1cc(=O)[nH]c(=S)[nH]1
C=CCc1ccc(O)c(OC)c1,0.7110921541013709,train,C=CCc1ccc(O)c(OC)c1,C=CCc1ccc(O)c(OC)c1
C=CCC1(C(C)C)C(=O)NC(=O)NC1=O,0.6404650142724767,train,C=CCC1(C(C)C)C(=O)NC(=O)NC1=O,C=CCC1(C(C)C)C(=O)NC(=O)NC1=O
c1cc2ccc3cccc4ccc(c1)c2c34,-1.4917110719133289,test,c1cc2ccc3cccc4ccc(c1)c2c34,c1cc2ccc3cccc4ccc(c1)c2c34
CCOC(C)OCC,1.250339910903063,train,CCOC(C)OCC,CCOC(C)OCC
CC1(C)CON(Cc2ccccc2Cl)C1=O,0.3398224595954272,valid,CC1(C)CON(Cc2ccccc2Cl)C1=O,CC1(C)CON(Cc2ccccc2Cl)C1=O
CCCCOCCO,1.255112014945556,train,CCCCOCCO,CCCCOCCO
O=[N+]([O-])c1c(Cl)c(Cl)c(Cl)c(Cl)c1Cl,-1.321824168000583,train,O=[N+]([O-])c1c(Cl)c(Cl)c(Cl)c(Cl)c1Cl,O=[N+]([O-])c1c(Cl)c(Cl)c(Cl)c(Cl)c1Cl
CC12CCC3C(CCC4CC(O)CCC43C)C1CCC2=O,-0.6451398147750972,valid,CC12CCC3C(CCC4CC(O)CCC43C)C1CCC2=O,CC12CCC3C(CCC4CC(O)CCC43C)C1CCC2=O
O=C1C(Cl)C(CCl)CN1c1cccc(C(F)(F)F)c1,-0.4757301212666007,valid,O=C1C(Cl)C(CCl)CN1c1cccc(C(F)(F)F)c1,O=C1C(Cl)C(CCl)CN1c1cccc(C(F)(F)F)c1
c1ccc2ncccc2c1,0.835166859206185,train,c1ccc2ncccc2c1,c1ccc2ncccc2c1
COC(=O)c1cc(O)c(O)c(O)c1,0.8637994834611422,train,COC(=O)c1cc(O)c(O)c(O)c1,COC(=O)c1cc(O)c(O)c(O)c1
OC(Cn1cncn1)(Cn1cncn1)c1ccc(F)cc1F,0.5965616570815425,valid,OC(Cn1cncn1)(Cn1cncn1)c1ccc(F)cc1F,OC(Cn1cncn1)(Cn1cncn1)c1ccc(F)cc1F
O=c1[nH]c2cc(Cl)ccc2o1,0.1045577303005295,train,O=c1[nH]c2cc(Cl)ccc2o1,O=c1[nH]c2cc(Cl)ccc2o1
Clc1ccc(-c2c(Cl)c(Cl)c(Cl)c(Cl)c2Cl)c(Cl)c1,-2.3239660169240817,train,Clc1ccc(-c2c(Cl)c(Cl)c(Cl)c(Cl)c2Cl)c(Cl)c1,Clc1ccc(-c2c(Cl)c(Cl)c(Cl)c(Cl)c2Cl)c(Cl)c1
O=C1NC(=O)C(=O)C(=O)N1,0.8590273794186494,valid,O=C1NC(=O)C(=O)C(=O)N1,O=C1NC(=O)C(=O)C(=O)N1
ClCCCCl,0.6824595298464139,train,ClCCCCl,ClCCCCl
Fc1cccc(Br)c1,0.1813886053846646,train,Fc1cccc(Br)c1,Fc1cccc(Br)c1
Clc1ccc(Br)cc1,-0.276733382694649,train,Clc1ccc(Br)cc1,Clc1ccc(Br)cc1
CC(C)C(C)C,-0.2862775907796346,train,CC(C)C(C)C,CC(C)C(C)C
C=CCC,0.5297522004866427,train,C=CCC,C=CCC
Clc1ccc(Cl)c(-c2cc(Cl)c(Cl)c(Cl)c2Cl)c1,-2.209435519904253,train,Clc1ccc(Cl)c(-c2cc(Cl)c(Cl)c(Cl)c2Cl)c1,Clc1ccc(Cl)c(-c2cc(Cl)c(Cl)c(Cl)c2Cl)c1
Nc1cc[nH]c(=O)n1,0.9043623678223316,train,Nc1cc[nH]c(=O)n1,Nc1cc[nH]c(=O)n1
FC(F)(Cl)C(F)(Cl)Cl,0.0048207558124291,train,FC(F)(Cl)C(F)(Cl)Cl,FC(F)(Cl)C(F)(Cl)Cl
CCC#N,1.5891592979200555,train,CCC#N,CCC#N
Clc1ccc(C(c2ccccc2Cl)C(Cl)Cl)cc1,-1.65109934693259,train,Clc1ccc(C(c2ccccc2Cl)C(Cl)Cl)cc1,Clc1ccc(C(c2ccccc2Cl)C(Cl)Cl)cc1
COc1ccccc1[N+](=O)[O-],0.520207992401657,train,COc1ccccc1[N+](=O)[O-],COc1ccccc1[N+](=O)[O-]
CC12CCC3C(CC=C4CC(O)CCC43C)C1CCC2=O,-0.5105664807767988,valid,CC12CCC3C(CC=C4CC(O)CCC43C)C1CCC2=O,CC12CCC3C(CC=C4CC(O)CCC43C)C1CCC2=O
CC12CC1(C)C(=O)N(c1cc(Cl)cc(Cl)c1)C2=O,-0.8350695556663125,valid,CC12CC1(C)C(=O)N(c1cc(Cl)cc(Cl)c1)C2=O,CC12CC1(C)C(=O)N(c1cc(Cl)cc(Cl)c1)C2=O
c1cc2ccc3ccc4ccc5cccc6c(c1)c2c3c4c56,-2.847943040789797,valid,c1cc2ccc3ccc4ccc5cccc6c(c1)c2c3c4c56,c1cc2ccc3ccc4ccc5cccc6c(c1)c2c3c4c56
CCC(C)c1cc([N+](=O)[O-])cc([N+](=O)[O-])c1O,-0.1574307816323277,train,CCC(C)c1cc([N+](=O)[O-])cc([N+](=O)[O-])c1O,CCC(C)c1cc([N+](=O)[O-])cc([N+](=O)[O-])c1O
COC1=C(OC)C2C(=O)OCC2C=C1,0.5493178270608634,valid,COC1=C(OC)C2C(=O)OCC2C=C1,COC1=C(OC)C2C(=O)OCC2C=C1
OCC(O)CO,1.9900160374894549,train,OCC(O)CO,OCC(O)CO
COc1ccccc1O,0.520207992401657,train,COc1ccccc1O,COc1ccccc1O
CCOP(=S)(OCC)Oc1nc(Cl)c(Cl)cc1Cl,-1.2502426073631905,train,CCOP(=S)(OCC)Oc1nc(Cl)c(Cl)cc1Cl,CCOP(=S)(OCC)Oc1nc(Cl)c(Cl)cc1Cl
Cc1c2ccccc2cc2ccccc12,-1.355228896298033,train,Cc1c2ccccc2cc2ccccc12,Cc1c2ccccc2cc2ccccc12
Cc1cc(=O)n(-c2ccccc2)n1C,1.7967458237684943,train,Cc1cc(=O)n(-c2ccccc2)n1C,Cc1cc(=O)n(-c2ccccc2)n1C
CCCCOC,0.9831020845234634,train,CCCCOC,CCCCOC
Cc1cnc2cncnc2n1,1.0480026995013665,train,Cc1cnc2cncnc2n1,Cc1cnc2cncnc2n1
CCNc1nc(Cl)nc(NCC)n1,-0.7157669546039912,train,CCNc1nc(Cl)nc(NCC)n1,CCNc1nc(Cl)nc(NCC)n1
CC(=O)N(C)C,1.9852439334469625,train,CC(=O)N(C)C,CC(=O)N(C)C
CSc1nc(N(C)C)nc(N(C)C)n1,0.1785253429591688,train,CSc1nc(N(C)C)nc(N(C)C)n1,CSc1nc(N(C)C)nc(N(C)C)n1
C=C,1.2646562230305416,train,C=C,C=C
CC(C)(C)CCO,1.2169351826056132,train,CC(C)(C)CCO,CC(C)(C)CCO
C=CCC1(CC)C(=O)NC(=O)NC1=O,0.6853227922719095,train,C=CCC1(CC)C(=O)NC(=O)NC1=O,C=CCC1(CC)C(=O)NC(=O)NC1=O
Oc1ccc(Cl)c(Cl)c1Cl,0.1813886053846646,train,Oc1ccc(Cl)c(Cl)c1Cl,Oc1ccc(Cl)c(Cl)c1Cl
COc1ccccc1,0.5727011368690783,train,COc1ccccc1,COc1ccccc1
CC(C)OC(=O)C(O)(c1ccc(Cl)cc1)c1cccc(Cl)c1,-0.7062227465190056,train,CC(C)OC(=O)C(O)(c1ccc(Cl)cc1)c1cccc(Cl)c1,CC(C)OC(=O)C(O)(c1ccc(Cl)cc1)c1cccc(Cl)c1
CC12CCC(=O)C=C1CCC1C2C(O)CC2(C=O)C(C(=O)CO)CCC12,-0.3817196716294918,train,CC12CCC(=O)C=C1CCC1C2C(O)CC2(C=O)C(C(=O)CO)CCC12,CC12CCC(=O)C=C1CCC1C2C(O)CC2(C=O)C(C(=O)CO)CCC12
COc1ccc(Oc2ccc(NC(=O)N(C)C)cc2)cc1,-0.5296548969467701,train,COc1ccc(Oc2ccc(NC(=O)N(C)C)cc2)cc1,COc1ccc(Oc2ccc(NC(=O)N(C)C)cc2)cc1
CCc1ccc(C)cc1,-0.0285839724850207,train,CCc1ccc(C)cc1,CCc1ccc(C)cc1
CC(C)SC(C)C,0.3865890792118571,train,CC(C)SC(C)C,CC(C)SC(C)C
O=[N+]([O-])c1cccc([N+](=O)[O-])c1,0.3627285589993929,train,O=[N+]([O-])c1cccc([N+](=O)[O-])c1,O=[N+]([O-])c1cccc([N+](=O)[O-])c1
CCOP(=S)(OCC)SCSP(=S)(OCC)OCC,-1.1882052548107835,train,CCOP(=S)(OCC)SCSP(=S)(OCC)OCC,CCOP(=S)(OCC)SCSP(=S)(OCC)OCC
CCC1(C(C)C)C(=O)NC(=O)NC1=O,0.4009053913393357,train,CCC1(C(C)C)C(=O)NC(=O)NC1=O,CCC1(C(C)C)C(=O)NC(=O)NC1=O
CC(=O)OCC(=O)C1(O)CCC2C3CCC4=CC(=O)CCC4(C)C3C(=O)CC21C,-0.5535154171592344,train,CC(=O)OCC(=O)C1(O)CCC2C3CCC4=CC(=O)CCC4(C)C3C(=O)CC21C,CC(=O)OCC(=O)C1(O)CCC2C3CCC4=CC(=O)CCC4(C)C3C(=O)CC21C
Cc1ncc([N+](=O)[O-])n1CCO,0.8733436915461279,train,Cc1ncc([N+](=O)[O-])n1CCO,Cc1ncc([N+](=O)[O-])n1CCO
Nc1ccc(Cl)cc1,0.6633711136764425,train,Nc1ccc(Cl)cc1,Nc1ccc(Cl)cc1
CCCC(C)(C)CO,0.7301805702713424,train,CCCC(C)(C)CO,CCCC(C)(C)CO
c1ccoc1,1.064227853245842,train,c1ccoc1,c1ccoc1
COCCCNc1nc(NC(C)C)nc(SC)n1,0.0582683210883491,train,COCCCNc1nc(NC(C)C)nc(SC)n1,COCCCNc1nc(NC(C)C)nc(SC)n1
CN(C)C(=O)NC1CC2CC1C1CCCC21,-0.0576938071442273,valid,CN(C)C(=O)NC1CC2CC1C1CCCC21,CN(C)C(=O)NC1CC2CC1C1CCCC21
CC(C)(C)c1ccccc1,-0.2910496948221276,train,CC(C)(C)c1ccccc1,CC(C)(C)c1ccccc1
CC(=O)CCC1C(=O)N(c2ccccc2)N(c2ccccc2)C1=O,-0.1049376371649064,train,CC(=O)CCC1C(=O)N(c2ccccc2)N(c2ccccc2)C1=O,CC(=O)CCC1C(=O)N(c2ccccc2)N(c2ccccc2)C1=O
CC(=O)OCC(=O)C1(O)CCC2C3CCC4=CC(=O)C=CC4(C)C3C(O)CC21C,-0.62986908183912,train,CC(=O)OCC(=O)C1(O)CCC2C3CCC4=CC(=O)C=CC4(C)C3C(O)CC21C,CC(=O)OCC(=O)C1(O)CCC2C3CCC4=CC(=O)C=CC4(C)C3C(O)CC21C
CCCOC,1.2694283270730344,train,CCCOC,CCCOC
CC(=O)OC(C)C,1.193074662393149,train,CC(=O)OC(C)C,CC(=O)OC(C)C
Brc1ccccc1,0.2386538538945789,train,Brc1ccccc1,Brc1ccccc1
CCOC(=O)c1ccc(O)cc1,0.3340959347444358,train,CCOC(=O)c1ccc(O)cc1,CCOC(=O)c1ccc(O)cc1
CCCC(=O)OCN1C(=O)NC(c2ccccc2)(c2ccccc2)C1=O,-0.9643935752178692,train,CCCC(=O)OCN1C(=O)NC(c2ccccc2)(c2ccccc2)C1=O,CCCC(=O)OCN1C(=O)NC(c2ccccc2)(c2ccccc2)C1=O
CCC(=O)OC1CCC2C3CCC4=CC(=O)CCC4(C)C3CCC12C,-1.107079486088405,train,CCC(=O)OC1CCC2C3CCC4=CC(=O)CCC4(C)C3CCC12C,CCC(=O)OC1CCC2C3CCC4=CC(=O)CCC4(C)C3CCC12C
c1cc2ccc3ccc4ccc5ccc6ccc1c1c2c3c4c5c61,-2.9977871077240725,valid,c1cc2ccc3ccc4ccc5ccc6ccc1c1c2c3c4c5c61,c1cc2ccc3ccc4ccc5ccc6ccc1c1c2c3c4c5c61
O=c1[nH]cnc2[nH]ncc12,0.3741816087013757,valid,O=c1[nH]cnc2[nH]ncc12,O=c1[nH]cnc2[nH]ncc12
C=CCl,0.6204221772940068,train,C=CCl,C=CCl
CN(C)C(=O)C(c1ccccc1)c1ccccc1,0.0334533800673862,train,CN(C)C(=O)C(c1ccccc1)c1ccccc1,CN(C)C(=O)C(c1ccccc1)c1ccccc1
BrC(Br)(Br)Br,-0.0429002846124994,train,BrC(Br)(Br)Br,BrC(Br)(Br)Br
CCN1c2cc(N(C)C)cc(C)c2NC(=O)c2cccnc21,-0.868951494368012,train,CCN1c2cc(N(C)C)cc(C)c2NC(=O)c2cccnc21,CCN1c2cc(N(C)C)cc(C)c2NC(=O)c2cccnc21
O=C1NC(=O)c2ccccc21,0.2100212296396217,train,O=C1NC(=O)c2ccccc21,O=C1NC(=O)c2ccccc21
OC(c1ccc(Cl)cc1)(c1cncnc1)c1ccccc1Cl,-0.6346411858816128,valid,OC(c1ccc(Cl)cc1)(c1cncnc1)c1ccccc1Cl,OC(c1ccc(Cl)cc1)(c1cncnc1)c1ccccc1Cl
COC(=O)c1ccccc1,0.5727011368690783,train,COC(=O)c1ccccc1,COC(=O)c1ccccc1
Cn1ccc(=O)[nH]c1=O,1.0704315885010829,train,Cn1ccc(=O)[nH]c1=O,Cn1ccc(=O)[nH]c1=O
CCCCC1C(=O)N(c2ccccc2)N(c2ccc(O)cc2)C1=O,-0.3244544231195775,train,CCCCC1C(=O)N(c2ccccc2)N(c2ccc(O)cc2)C1=O,CCCCC1C(=O)N(c2ccccc2)N(c2ccc(O)cc2)C1=O
Clc1ccc(Cl)c(-c2cccc(Cl)c2Cl)c1,-1.6320109307626185,train,Clc1ccc(Cl)c(-c2cccc(Cl)c2Cl)c1,Clc1ccc(Cl)c(-c2cccc(Cl)c2Cl)c1
CCC1NC(=O)c2cc(S(N)(=O)=O)c(Cl)cc2N1,-0.1144818452498921,valid,CCC1NC(=O)c2cc(S(N)(=O)=O)c(Cl)cc2N1,CCC1NC(=O)c2cc(S(N)(=O)=O)c(Cl)cc2N1
CN(C)C(=O)Nc1ccc(Cl)c(Cl)c1,-0.3578591514170274,train,CN(C)C(=O)Nc1ccc(Cl)c(Cl)c1,CN(C)C(=O)Nc1ccc(Cl)c(Cl)c1
C1=CCCC1,0.453398535806757,valid,C1=CCCC1,C1=CCCC1
O=C1NC(=O)C(O)(C2(O)C(=O)NC(=O)NC2=O)C(=O)N1,0.5058916802741784,valid,O=C1NC(=O)C(O)(C2(O)C(=O)NC(=O)NC2=O)C(=O)N1,O=C1NC(=O)C(O)(C2(O)C(=O)NC(=O)NC2=O)C(=O)N1
CCCCCCCCC,-1.3504567922555404,train,CCCCCCCCC,CCCCCCCCC
Oc1ccccc1Cl,0.9496973562260136,train,Oc1ccccc1Cl,Oc1ccccc1Cl
Cc1cc2ccccc2c2ccc3ccccc3c12,-1.6892761792725326,train,Cc1cc2ccccc2c2ccc3ccccc3c12,Cc1cc2ccccc2c2ccc3ccccc3c12
CCOc1ccccc1,0.3436401428294215,train,CCOc1ccccc1,CCOc1ccccc1
CCOC(=O)C=Cc1ccccc1,0.0239091719824005,train,CCOC(=O)C=Cc1ccccc1,CCOC(=O)C=Cc1ccccc1
Cc1[nH]c(=O)n(C(C)(C)C)c(=O)c1Cl,0.2701497405750316,train,Cc1[nH]c(=O)n(C(C)(C)C)c(=O)c1Cl,Cc1[nH]c(=O)n(C(C)(C)C)c(=O)c1Cl
O=C1CN=C(c2ccccc2Cl)c2cc([N+](=O)[O-])ccc2N1,-0.2142188197379927,train,O=C1CN=C(c2ccccc2Cl)c2cc([N+](=O)[O-])ccc2N1,O=C1CN=C(c2ccccc2Cl)c2cc([N+](=O)[O-])ccc2N1
Cc1ccc(S(N)(=O)=O)cc1,0.6251942813364997,train,Cc1ccc(S(N)(=O)=O)cc1,Cc1ccc(S(N)(=O)=O)cc1
C#CC(C)OC(=O)Nc1cccc(Cl)c1,0.2066807568098767,train,C#CC(C)OC(=O)Nc1cccc(Cl)c1,C#CC(C)OC(=O)Nc1cccc(Cl)c1
CCCCCC(C)C,-0.9686884688561124,train,CCCCCC(C)C,CCCCCC(C)C
CC1(C)C(C=C(Cl)C(F)(F)F)C1C(=O)OC(C#N)c1cccc(Oc2ccccc2)c1,-2.4461318804118988,train,CC1(C)C(C=C(Cl)C(F)(F)F)C1C(=O)OC(C#N)c1cccc(Oc2ccccc2)c1,CC1(C)C(C=C(Cl)C(F)(F)F)C1C(=O)OC(C#N)c1cccc(Oc2ccccc2)c1
CCCC1C(=O)N2C(N(C)C)=Nc3ccc(C)cc3N2C1=O,-0.2328300255037149,valid,CCCC1C(=O)N2C(N(C)C)=Nc3ccc(C)cc3N2C1=O,CCCC1C(=O)N2C(N(C)C)=Nc3ccc(C)cc3N2C1=O
CN1C(=O)CN=C(c2ccccc2)c2cc(Cl)ccc21,-0.3359074728215603,train,CN1C(=O)CN=C(c2ccccc2)c2cc(Cl)ccc21,CN1C(=O)CN=C(c2ccccc2)c2cc(Cl)ccc21
CCC(O)C(C)C,1.121493101755756,train,CCC(O)C(C)C,CCC(O)C(C)C
CCOP(=S)(OCC)Oc1ccc(S(C)=O)cc1,0.3579564549569001,train,CCOP(=S)(OCC)Oc1ccc(S(C)=O)cc1,CCOP(=S)(OCC)Oc1ccc(S(C)=O)cc1
CC1(C)C2CCC1(C)C(O)C2,0.3484122468719144,valid,CC1(C)C2CCC1(C)C(O)C2,CC1(C)C2CCC1(C)C(O)C2
CC12CCC(=O)C=C1CCC1C2CCC2(C)C(O)CCC12,-0.46284544035187,train,CC12CCC(=O)C=C1CCC1C2CCC2(C)C(O)CCC12,CC12CCC(=O)C=C1CCC1C2CCC2(C)C(O)CCC12
CCCCCCC,-0.7062227465190056,train,CCCCCCC,CCCCCCC
Oc1cccc2ccccc12,0.3961332872968428,train,Oc1cccc2ccccc12,Oc1cccc2ccccc12
CC1CCCCC1C,-0.5964643535416699,train,CC1CCCCC1C,CC1CCCCC1C
COc1cc2c(N)nc(N3CCN(C(=O)OCC(C)(C)O)CC3)nc2c(OC)c1OC,-0.2805510659286432,valid,COc1cc2c(N)nc(N3CCN(C(=O)OCC(C)(C)O)CC3)nc2c(OC)c1OC,COc1cc2c(N)nc(N3CCN(C(=O)OCC(C)(C)O)CC3)nc2c(OC)c1OC
c1cc2c3c(c4ccc5ccccc5c4cc3c1)CC2,-2.290561288626632,train,c1cc2c3c(c4ccc5ccccc5c4cc3c1)CC2,c1cc2c3c(c4ccc5ccccc5c4cc3c1)CC2
CC(=O)C1(C)CCC2C3C=C(C)C4=CC(=O)CCC4(C)C3CCC21C,-1.0593584456634764,valid,CC(=O)C1(C)CCC2C3C=C(C)C4=CC(=O)CCC4(C)C3CCC21C,CC(=O)C1(C)CCC2C3C=C(C)C4=CC(=O)CCC4(C)C3CCC21C
CCCCCC(C)=O,0.7635852985687924,train,CCCCCC(C)=O,CCCCCC(C)=O
COP(=O)(NC(C)=O)SC,1.7132340030248696,train,COP(=O)(NC(C)=O)SC,COP(=O)(NC(C)=O)SC
CCCCSP(=O)(SCCCC)SCCCC,-0.9973210931110692,train,CCCCSP(=O)(SCCCC)SCCCC,CCCCSP(=O)(SCCCC)SCCCC
O=C1NC(=O)C2C=CC=CC12,0.0563594794713519,valid,O=C1NC(=O)C2C=CC=CC12,O=C1NC(=O)C2C=CC=CC12
NS(=O)(=O)c1cc2c(cc1Cl)NC(C(Cl)Cl)NS2(=O)=O,0.1766165013421717,train,NS(=O)(=O)c1cc2c(cc1Cl)NC(C(Cl)Cl)NS2(=O)=O,NS(=O)(=O)c1cc2c(cc1Cl)NC(C(Cl)Cl)NS2(=O)=O
CC=C(C)C,0.2338817498520859,train,CC=C(C)C,CC=C(C)C
Cc1ccc(C)c(C)c1,-0.1240260533348778,train,Cc1ccc(C)c(C)c1,Cc1ccc(C)c(C)c1
Oc1cc(Cl)c(Cl)cc1Cl,0.4009053913393357,train,Oc1cc(Cl)c(Cl)cc1Cl,Oc1cc(Cl)c(Cl)cc1Cl
c1ccc2c(c1)cnc1ccccc12,0.1288954609172433,valid,c1ccc2c(c1)cnc1ccccc12,c1ccc2c(c1)cnc1ccccc12
CCCC(C)(O)CC,0.9878741885659564,train,CCCC(C)(O)CC,CCCC(C)(O)CC
CCCCCCCC,-1.045042133535998,train,CCCCCCCC,CCCCCCCC
c1ccc2cc3ccccc3cc2c1,-1.5747456822527042,train,c1ccc2cc3ccccc3cc2c1,c1ccc2cc3ccccc3cc2c1
NNc1ccccc1,1.4889451130277056,train,NNc1ccccc1,NNc1ccccc1
CCC=O,1.732322419194841,train,CCC=O,CCC=O
C1CCCCCCC1,-0.5248827929042774,train,C1CCCCCCC1,C1CCCCCCC1
C=CCC1(CC=C)C(=O)NC(=O)NC1=O,0.4643743751044906,train,C=CCC1(CC=C)C(=O)NC(=O)NC1=O,C=CCC1(CC=C)C(=O)NC(=O)NC1=O
ClC(Cl)Cl,0.8972042117585922,train,ClC(Cl)Cl,ClC(Cl)Cl
O=c1ccnc(S)[nH]1,0.3708411358716307,train,O=c1ccnc(S)[nH]1,O=c1ccnc(S)[nH]1
O=C(Nc1ccccc1)N(Cc1ccc(Cl)cc1)C1CCCC1,-1.367159156404265,valid,O=C(Nc1ccccc1)N(Cc1ccc(Cl)cc1)C1CCCC1,O=C(Nc1ccccc1)N(Cc1ccc(Cl)cc1)C1CCCC1
CC1=CCCCC1,-0.1049376371649064,train,CC1=CCCCC1,CC1=CCCCC1
CCCCC(C=O)CC,0.4390822236792785,train,CCCCC(C=O)CC,CCCCC(C=O)CC
COc1c2occc2c(OC)c2c(=O)cc(C)oc12,0.0138877534931653,valid,COc1c2occc2c(OC)c2c(=O)cc(C)oc12,COc1c2occc2c(OC)c2c(=O)cc(C)oc12
CCC1(CCC(C)C)C(=O)NC(=O)NC1=O,0.187115130235656,train,CCC1(CCC(C)C)C(=O)NC(=O)NC1=O,CCC1(CCC(C)C)C(=O)NC(=O)NC1=O
c1ccc2c3c(ccc2c1)-c1cccc2cccc-3c12,-2.362142849264025,valid,c1ccc2c3c(ccc2c1)-c1cccc2cccc-3c12,c1ccc2c3c(ccc2c1)-c1cccc2cccc-3c12
CCC(C=O)CC,0.7301805702713424,train,CCC(C=O)CC,CCC(C=O)CC
CCCOCCC,0.6824595298464139,train,CCCOCCC,CCCOCCC
CCCCCCCCCCCCCCO,-1.3313683760855688,train,CCCCCCCCCCCCCCO,CCCCCCCCCCCCCCO
Oc1c(Cl)ccc(Cl)c1Cl,0.1957049175121431,train,Oc1c(Cl)ccc(Cl)c1Cl,Oc1c(Cl)ccc(Cl)c1Cl
NC(N)=O,1.9136623728095687,train,NC(N)=O,NC(N)=O
C#CCCC,0.6729153217614282,train,C#CCCC,C#CCCC
Brc1cccc(Br)c1,-0.2337844463122133,train,Brc1cccc(Br)c1,Brc1cccc(Br)c1
CCCCCCCCCCCCCCCCCCO,-2.553027010963739,train,CCCCCCCCCCCCCCCCCCO,CCCCCCCCCCCCCCCCCCO
CC(=O)Nc1ccccc1,0.8208505470787065,train,CC(=O)Nc1ccccc1,CC(=O)Nc1ccccc1
O=C1C=C2CC3(O)COc4c(ccc(O)c4O)C3=C2C=C1O,0.1670722932571859,valid,O=C1C=C2CC3(O)COc4c(ccc(O)c4O)C3=C2C=C1O,O=C1C=C2CC3(O)COc4c(ccc(O)c4O)C3=C2C=C1O
NNC(=O)c1ccncc1,1.4598352783684991,train,NNC(=O)c1ccncc1,NNC(=O)c1ccncc1
OC1C=CC2C1C1(Cl)C(Cl)=C(Cl)C2(Cl)C1(Cl)Cl,-1.1500284224708406,train,OC1C=CC2C1C1(Cl)C(Cl)=C(Cl)C2(Cl)C1(Cl)Cl,OC1C=CC2C1C1(Cl)C(Cl)=C(Cl)C2(Cl)C1(Cl)Cl
CC(C)CCOC=O,0.7301805702713424,train,CC(C)CCOC=O,CC(C)CCOC=O
CC(=O)c1ccccc1,0.8447110672911708,train,CC(=O)c1ccccc1,CC(=O)c1ccccc1
c1ccc2nc(-c3ccc4ccccc4n3)ccc2c1,-1.1213957982158838,valid,c1ccc2nc(-c3ccc4ccccc4n3)ccc2c1,c1ccc2nc(-c3ccc4ccccc4n3)ccc2c1
CCOP(=O)(OCC)OCC,1.6607408585574484,train,CCOP(=O)(OCC)OCC,CCOP(=O)(OCC)OCC
CC12CCC(C1)C(C)(C)C2=O,0.5727011368690783,valid,CC12CCC(C1)C(C)(C)C2=O,CC12CCC(C1)C(C)(C)C2=O
COc1cnc2cncnc2n1,1.0212789168634062,train,COc1cnc2cncnc2n1,COc1cnc2cncnc2n1
ClC1=C(Cl)C2(Cl)C3CC=CC3C1(Cl)C2(Cl)Cl,-1.2359262952357115,train,ClC1=C(Cl)C2(Cl)C3CC=CC3C1(Cl)C2(Cl)Cl,ClC1=C(Cl)C2(Cl)C3CC=CC3C1(Cl)C2(Cl)Cl
CC(C)[N+](=O)[O-],1.1596699340956989,train,CC(C)[N+](=O)[O-],CC(C)[N+](=O)[O-]
c1ccc2c(c1)[nH]c1ccccc12,-1.0593584456634764,valid,c1ccc2c(c1)[nH]c1ccccc12,c1ccc2c(c1)[nH]c1ccccc12
OCC(O)C(O)CO,1.7895876677047553,train,OCC(O)C(O)CO,OCC(O)C(O)CO
CCCOC(=O)c1ccc(N)cc1,0.2854204735110088,train,CCCOC(=O)c1ccc(N)cc1,CCCOC(=O)c1ccc(N)cc1
CNC(=O)C=C(C)OP(=O)(OC)OC,1.76620435789654,train,CNC(=O)C=C(C)OP(=O)(OC)OC,CNC(=O)C=C(C)OP(=O)(OC)OC
O=C1CCC(=O)N1,1.5987035060050412,valid,O=C1CCC(=O)N1,O=C1CCC(=O)N1
CCC(C)C(C)C,-0.5869201454566844,train,CCC(C)C(C)C,CCC(C)C(C)C
CCCCc1c(C)nc(NCC)nc1OS(=O)(=O)N(C)C,-0.5296548969467701,train,CCCCc1c(C)nc(NCC)nc1OS(=O)(=O)N(C)C,CCCCc1c(C)nc(NCC)nc1OS(=O)(=O)N(C)C
CCN1c2ncccc2C(=S)N(C)c2cccnc21,-0.7558526285609314,valid,CCN1c2ncccc2C(=S)N(C)c2cccnc21,CCN1c2ncccc2C(=S)N(C)c2cccnc21
CCN1C(=O)c2ccccc2Oc2ccccc21,-0.3005939029071133,train,CCN1C(=O)c2ccccc2Oc2ccccc21,CCN1C(=O)c2ccccc2Oc2ccccc21
C1CCOCC1,1.4412240726027772,train,C1CCOCC1,C1CCOCC1
C#CCCCCC,0.0191370679399078,train,C#CCCCCC,C#CCCCCC
COc1ccc2ccc(=O)oc2c1CC=C(C)C,-0.60314529920116,train,COc1ccc2ccc(=O)oc2c1CC=C(C)C,COc1ccc2ccc(=O)oc2c1CC=C(C)C
Cc1ccc2c(ccc3c4c5c(cccc5cc32)CC4)c1,-2.3239660169240817,train,Cc1ccc2c(ccc3c4c5c(cccc5cc32)CC4)c1,Cc1ccc2c(ccc3c4c5c(cccc5cc32)CC4)c1
CCOC(=O)c1ccccc1,0.3484122468719144,train,CCOC(=O)c1ccccc1,CCOC(=O)c1ccccc1
CC(C)CCl,0.5011195762316856,train,CC(C)CCl,CC(C)CCl
C#CC1(O)CCC2C3CCc4cc(O)ccc4C3CCC21C,-0.5964643535416699,train,C#CC1(O)CCC2C3CCc4cc(O)ccc4C3CCC21C,C#CC1(O)CCC2C3CCc4cc(O)ccc4C3CCC21C
CCCCCCCCCCCC(=O)OC,-0.7825764111988913,train,CCCCCCCCCCCC(=O)OC,CCCCCCCCCCCC(=O)OC
CCCSCCC,0.2243375417671002,train,CCCSCCC,CCCSCCC
c1ccc2cc3cc4ccccc4cc3cc2c1,-2.648469091813596,valid,c1ccc2cc3cc4ccccc4cc3cc2c1,c1ccc2cc3cc4ccccc4cc3cc2c1
CCCCCBr,-0.0142676603575422,train,CCCCCBr,CCCCCBr
C/C=C/CCCC,-0.3674033595020131,train,C/C=C/CCCC,C/C=C/CCCC
Cc1ncc([N+](=O)[O-])n1CCO,0.8542552753761565,train,Cc1ncc([N+](=O)[O-])n1CCO,Cc1ncc([N+](=O)[O-])n1CCO
CCCCCC1CCCC1,-1.4458988731053974,train,CCCCCC1CCCC1,CCCCCC1CCCC1
Clc1ccc(Cl)c(-c2c(Cl)c(Cl)cc(Cl)c2Cl)c1,-2.085360814799439,train,Clc1ccc(Cl)c(-c2c(Cl)c(Cl)cc(Cl)c2Cl)c1,Clc1ccc(Cl)c(-c2c(Cl)c(Cl)cc(Cl)c2Cl)c1
CCC1(C(C)C)C(=O)NC(=O)NC1=O,0.4304924364027913,train,CCC1(C(C)C)C(=O)NC(=O)NC1=O,CCC1(C(C)C)C(=O)NC(=O)NC1=O
CC(Cl)(Cl)Cl,0.5011195762316856,train,CC(Cl)(Cl)Cl,CC(Cl)(Cl)Cl
CON(C)C(=O)Nc1ccc(Cl)cc1,0.2291096458095932,train,CON(C)C(=O)Nc1ccc(Cl)cc1,CON(C)C(=O)Nc1ccc(Cl)cc1
O=C1NC(=O)C2(CCCCC2)C(=O)N1,-0.0047234522725565,valid,O=C1NC(=O)C2(CCCCC2)C(=O)N1,O=C1NC(=O)C2(CCCCC2)C(=O)N1
CN(C)C(=O)OC1=CC(=O)CC(C)(C)C1,1.0499115411183633,train,CN(C)C(=O)OC1=CC(=O)CC(C)(C)C1,CN(C)C(=O)OC1=CC(=O)CC(C)(C)C1
Cc1ccc(Br)cc1,-0.0667608048249635,train,Cc1ccc(Br)cc1,Cc1ccc(Br)cc1
CCOCC,1.41259144834782,train,CCOCC,CCOCC
CC(C)NC(=O)N1CC(=O)N(c2cc(Cl)cc(Cl)c2)C1=O,-0.6327323442646158,valid,CC(C)NC(=O)N1CC(=O)N(c2cc(Cl)cc(Cl)c2)C1=O,CC(C)NC(=O)N1CC(=O)N(c2cc(Cl)cc(Cl)c2)C1=O
CCCCN(CC)c1c([N+](=O)[O-])cc(C(F)(F)F)cc1[N+](=O)[O-],-1.1834331507682907,train,CCCCN(CC)c1c([N+](=O)[O-])cc(C(F)(F)F)cc1[N+](=O)[O-],CCCCN(CC)c1c([N+](=O)[O-])cc(C(F)(F)F)cc1[N+](=O)[O-]
Cc1cc(C)c(O)c(C)c1,0.4772590560192214,train,Cc1cc(C)c(O)c(C)c1,Cc1cc(C)c(O)c(C)c1
c1ccccc1,0.6729153217614282,train,c1ccccc1,c1ccccc1
Clc1ccc(I)cc1,-0.4676175443943631,train,Clc1ccc(I)cc1,Clc1ccc(I)cc1
COc1ccc(NC(=O)N(C)C)cc1Cl,0.2319729082350888,train,COc1ccc(NC(=O)N(C)C)cc1Cl,COc1ccc(NC(=O)N(C)C)cc1Cl
CC(C)N(C(=O)CCl)c1ccccc1,0.2720585821920288,train,CC(C)N(C(=O)CCl)c1ccccc1,CC(C)N(C(=O)CCl)c1ccccc1
C=Cc1ccccc1,0.1098070447472719,train,C=Cc1ccccc1,C=Cc1ccccc1
COCOC,1.6846013787699126,train,COCOC,COCOC
Cc1ccccc1C,0.1193512528322576,train,Cc1ccccc1C,Cc1ccccc1C
CCC(C)O,1.6798292747274195,train,CCC(C)O,CCC(C)O
Oc1ccc(O)cc1,1.3744146160078772,train,Oc1ccc(O)cc1,Oc1ccc(O)cc1
CC12CCC3c4ccc(O)cc4CCC3C1CC(O)C2O,-0.9090371683249516,train,CC12CCC3c4ccc(O)cc4CCC3C1CC(O)C2O,CC12CCC3c4ccc(O)cc4CCC3C1CC(O)C2O
c1ccc2c(c1)Cc1cc3ccccc3cc1-2,-2.381231265433996,valid,c1ccc2c(c1)Cc1cc3ccccc3cc1-2,c1ccc2c(c1)Cc1cc3ccccc3cc1-2
O=C1CNC(=O)N1,1.2646562230305416,train,O=C1CNC(=O)N1,O=C1CNC(=O)N1
CCCCCCc1ccc(O)cc1O,0.2195654377246075,train,CCCCCCc1ccc(O)cc1O,CCCCCCc1ccc(O)cc1O
C=CCSS(=O)CC=C,1.059455749203349,train,C=CCSS(=O)CC=C,C=CCSS(=O)CC=C
CCOP(=S)(OCC)Oc1ccc2oc(=O)c(Cl)c(C)c2c1,-1.112806010939397,train,CCOP(=S)(OCC)Oc1ccc2oc(=O)c(Cl)c(C)c2c1,CCOP(=S)(OCC)Oc1ccc2oc(=O)c(Cl)c(C)c2c1
Cc1c(C)c2c3ccccc3ccc2c2ccccc12,-1.8897045490572324,train,Cc1c(C)c2c3ccccc3ccc2c2ccccc12,Cc1c(C)c2c3ccccc3ccc2c2ccccc12
CCCCC(=O)OC1(C(=O)CO)C(C)CC2C3CCC4=CC(=O)C=CC4(C)C3(F)C(O)CC21C,-0.7921206192838769,train,CCCCC(=O)OC1(C(=O)CO)C(C)CC2C3CCC4=CC(=O)C=CC4(C)C3(F)C(O)CC21C,CCCCC(=O)OC1(C(=O)CO)C(C)CC2C3CCC4=CC(=O)C=CC4(C)C3(F)C(O)CC21C
O=c1[nH]c(=O)c2[nH]c(=O)[nH]c2[nH]1,-0.4198965039694346,valid,O=c1[nH]c(=O)c2[nH]c(=O)[nH]c2[nH]1,O=c1[nH]c(=O)c2[nH]c(=O)[nH]c2[nH]1
Oc1c(Cl)cc(Cl)c(Cl)c1Cl,-0.0238118684425279,train,Oc1c(Cl)cc(Cl)c(Cl)c1Cl,Oc1c(Cl)cc(Cl)c(Cl)c1Cl
Clc1cccc(Cl)c1,0.0048207558124291,train,Clc1cccc(Cl)c1,Clc1cccc(Cl)c1
Clc1ccc(C(c2ccc(Cl)cc2)C(Cl)(Cl)Cl)cc1,-1.9565140056521328,train,Clc1ccc(C(c2ccc(Cl)cc2)C(Cl)(Cl)Cl)cc1,Clc1ccc(C(c2ccc(Cl)cc2)C(Cl)(Cl)Cl)cc1
CC(C)COC=O,0.973557876438478,train,CC(C)COC=O,CC(C)COC=O
CSc1ccccc1,0.3150075185744643,train,CSc1ccccc1,CSc1ccccc1
CCN1c2ncccc2C(=O)Nc2c(C(F)(F)F)cc(C)nc21,-0.5520837859464864,train,CCN1c2ncccc2C(=O)Nc2c(C(F)(F)F)cc(C)nc21,CCN1c2ncccc2C(=O)Nc2c(C(F)(F)F)cc(C)nc21
CCCCCC,-0.3769475675869988,train,CCCCCC,CCCCCC
COC(=O)c1cccnc1,1.2360235987755843,train,COC(=O)c1cccnc1,COC(=O)c1cccnc1
NS(=O)(=O)c1cc2c(cc1C(F)(F)F)NC(Cc1ccccc1)NS2(=O)=O,-0.2576449665246775,valid,NS(=O)(=O)c1cc2c(cc1C(F)(F)F)NC(Cc1ccccc1)NS2(=O)=O,NS(=O)(=O)c1cc2c(cc1C(F)(F)F)NC(Cc1ccccc1)NS2(=O)=O
Clc1ccc(-c2cc(Cl)c(Cl)c(Cl)c2Cl)cc1Cl,-2.276244976499153,train,Clc1ccc(-c2cc(Cl)c(Cl)c(Cl)c2Cl)cc1Cl,Clc1ccc(-c2cc(Cl)c(Cl)c(Cl)c2Cl)cc1Cl
C=CC1(C)OC(=O)N(c2cc(Cl)cc(Cl)c2)C1=O,-0.8947208561974731,valid,C=CC1(C)OC(=O)N(c2cc(Cl)cc(Cl)c2)C1=O,C=CC1(C)OC(=O)N(c2cc(Cl)cc(Cl)c2)C1=O
CCNc1nc(Cl)nc(NC(C)(C)C#N)n1,-0.0476723886549921,train,CCNc1nc(Cl)nc(NC(C)(C)C#N)n1,CCNc1nc(Cl)nc(NC(C)(C)C#N)n1
c1ccc2c(c1)c1ccccc1c1ccccc21,-1.7541767942504354,valid,c1ccc2c(c1)c1ccccc1c1ccccc21,c1ccc2c(c1)c1ccccc1c1ccccc21
CC=C(C(=CC)c1ccc(O)cc1)c1ccc(O)cc1,-0.9066511163037052,valid,CC=C(C(=CC)c1ccc(O)cc1)c1ccc(O)cc1,CC=C(C(=CC)c1ccc(O)cc1)c1ccc(O)cc1
CCCCC(CC)COC(=O)c1ccccc1C(=O)OCC(CC)CCCC,-1.865844028844768,train,CCCCC(CC)COC(=O)c1ccccc1C(=O)OCC(CC)CCCC,CCCCC(CC)COC(=O)c1ccccc1C(=O)OCC(CC)CCCC
CCc1ccccn1,1.6989176908973909,train,CCc1ccccn1,CCc1ccccn1
COP(=O)(OC)OC(Br)C(Cl)(Cl)Br,0.3675006630418859,train,COP(=O)(OC)OC(Br)C(Cl)(Cl)Br,COP(=O)(OC)OC(Br)C(Cl)(Cl)Br
c1ccc(-c2ccccc2)cc1,-0.6179388217328877,train,c1ccc(-c2ccccc2)cc1,c1ccc(-c2ccccc2)cc1
Clc1cc(Cl)c(-c2c(Cl)cc(Cl)cc2Cl)c(Cl)c1,-2.700962236281017,train,Clc1cc(Cl)c(-c2c(Cl)cc(Cl)cc2Cl)c(Cl)c1,Clc1cc(Cl)c(-c2c(Cl)cc(Cl)cc2Cl)c(Cl)c1
CN(C)c1nc(N(C)C)nc(N(C)C)n1,-0.1497954151643391,train,CN(C)c1nc(N(C)C)nc(N(C)C)n1,CN(C)c1nc(N(C)C)nc(N(C)C)n1
CC(C)CC(C)(C)O,1.0165068128209134,train,CC(C)CC(C)(C)O,CC(C)CC(C)(C)O
O=C1NC(=O)C2(CCCCCC2)C(=O)N1,-0.0562621759314794,valid,O=C1NC(=O)C2(CCCCCC2)C(=O)N1,O=C1NC(=O)C2(CCCCCC2)C(=O)N1
OCC1OC(O)(CO)C(O)C1O,1.7609550434497985,train,OCC1OC(O)(CO)C(O)C1O,OCC1OC(O)(CO)C(O)C1O
Cc1cc(C)cc(O)c1,0.7874458187812566,train,Cc1cc(C)cc(O)c1,Cc1cc(C)cc(O)c1
O=C(Nc1cccc(Cl)c1)OCC#CCCl,-0.62986908183912,train,O=C(Nc1cccc(Cl)c1)OCC#CCCl,O=C(Nc1cccc(Cl)c1)OCC#CCCl
CC(=O)Nc1ccc(Cl)cc1,0.0988312054495383,train,CC(=O)Nc1ccc(Cl)cc1,CC(=O)Nc1ccc(Cl)cc1
Clc1ccc(Cl)c(-c2c(Cl)c(Cl)c(Cl)c(Cl)c2Cl)c1,-2.8107206292583524,train,Clc1ccc(Cl)c(-c2c(Cl)c(Cl)c(Cl)c(Cl)c2Cl)c1,Clc1ccc(Cl)c(-c2c(Cl)c(Cl)c(Cl)c(Cl)c2Cl)c1
CCC(C)(C)C,-0.2385565503547061,train,CCC(C)(C)C,CCC(C)(C)C
CNc1ccccc1,0.8447110672911708,train,CNc1ccccc1,CNc1ccccc1
C=CCC=C,0.45817063984925,train,C=CCC=C,C=CCC=C
CC(=O)OCC(=O)C1(O)CCC2C3CCC4=CC(=O)CCC4(C)C3C(O)CC21C,-0.8732463880062553,train,CC(=O)OCC(=O)C1(O)CCC2C3CCC4=CC(=O)CCC4(C)C3C(O)CC21C,CC(=O)OCC(=O)C1(O)CCC2C3CCC4=CC(=O)CCC4(C)C3C(O)CC21C
Cc1cc([N+](=O)[O-])cc([N+](=O)[O-])c1O,0.7607220361432967,train,Cc1cc([N+](=O)[O-])cc([N+](=O)[O-])c1O,Cc1cc([N+](=O)[O-])cc([N+](=O)[O-])c1O
O=C1Nc2ccc(Cl)cc2C(c2ccccc2Cl)=NC1O,-0.2643259121841677,train,O=C1Nc2ccc(Cl)cc2C(c2ccccc2Cl)=NC1O,O=C1Nc2ccc(Cl)cc2C(c2ccccc2Cl)=NC1O
Oc1cccc(Cl)c1,1.121493101755756,train,Oc1cccc(Cl)c1,Oc1cccc(Cl)c1
Clc1cccc(Br)c1,-0.0763050129099492,train,Clc1cccc(Br)c1,Clc1cccc(Br)c1
NS(=O)(=O)c1cc2c(cc1Cl)N=CNS2(=O)=O,4.86517699363843e-05,valid,NS(=O)(=O)c1cc2c(cc1Cl)N=CNS2(=O)=O,NS(=O)(=O)c1cc2c(cc1Cl)N=CNS2(=O)=O
CCC1(C)C(=O)NC(=O)NC1=O,0.8695260083121337,train,CCC1(C)C(=O)NC(=O)NC1=O,CCC1(C)C(=O)NC(=O)NC1=O
OCCOc1ccccc1,1.121493101755756,train,OCCOc1ccccc1,OCCOc1ccccc1
c1ccc(Cc2ccccc2)cc1,-0.4914780646068273,train,c1ccc(Cc2ccccc2)cc1,c1ccc(Cc2ccccc2)cc1
CCCCCC(O)CC,0.5106637843166713,train,CCCCCC(O)CC,CCCCCC(O)CC
CCN(Cc1c(F)cccc1Cl)c1c([N+](=O)[O-])cc(C(F)(F)F)cc1[N+](=O)[O-],-1.779946156079897,valid,CCN(Cc1c(F)cccc1Cl)c1c([N+](=O)[O-])cc(C(F)(F)F)cc1[N+](=O)[O-],CCN(Cc1c(F)cccc1Cl)c1c([N+](=O)[O-])cc(C(F)(F)F)cc1[N+](=O)[O-]
CC(C)Nc1nc(Cl)nc(NC(C)C)n1,-0.6585017060940769,train,CC(C)Nc1nc(Cl)nc(NC(C)C)n1,CC(C)Nc1nc(Cl)nc(NC(C)C)n1
CCCC(C)CO,0.9258368360135492,train,CCCC(C)CO,CCCC(C)CO
CCCCC(C)(C)O,0.9401531481410278,train,CCCCC(C)(C)O,CCCCC(C)(C)O
CCc1ccccc1,0.1336675649597361,train,CCc1ccccc1,CCc1ccccc1
CCC1(CC=C(C)C)C(=O)NC(=O)NC1=O,0.3803853439566164,train,CCC1(CC=C(C)C)C(=O)NC(=O)NC1=O,CCC1(CC=C(C)C)C(=O)NC(=O)NC1=O
ClC1=C(Cl)C2(Cl)C3C(Cl)C=CC3C1(Cl)C2(Cl)Cl,-1.558997738912478,train,ClC1=C(Cl)C2(Cl)C3C(Cl)C=CC3C1(Cl)C2(Cl)Cl,ClC1=C(Cl)C2(Cl)C3C(Cl)C=CC3C1(Cl)C2(Cl)Cl
C=C(Br)CC1(C(C)CC)C(=O)NC(=O)NC1=O,0.1923644446823982,train,C=C(Br)CC1(C(C)CC)C(=O)NC(=O)NC1=O,C=C(Br)CC1(C(C)CC)C(=O)NC(=O)NC1=O
CC1(C)C(C(=O)OC(C#N)c2cccc(Oc3ccccc3)c2)C1(C)C,-1.4196523008716868,train,CC1(C)C(C(=O)OC(C#N)c2cccc(Oc3ccccc3)c2)C1(C)C,CC1(C)C(C(=O)OC(C#N)c2cccc(Oc3ccccc3)c2)C1(C)C
COC(C)(C)CCCC(C)CC=CC(C)=CC(=O)OC(C)C,-1.021181613323534,train,COC(C)(C)CCCC(C)CC=CC(C)=CC(=O)OC(C)C,COC(C)(C)CCCC(C)CC=CC(C)=CC(=O)OC(C)C
CCOC(=O)CC,1.1405815179257277,train,CCOC(=O)CC,CCOC(=O)CC
CSc1nc(NC(C)C)nc(NC(C)C)n1,-0.5010222726918128,train,CSc1nc(NC(C)C)nc(NC(C)C)n1,CSc1nc(NC(C)C)nc(NC(C)C)n1
C#CC(C)N(C)C(=O)Nc1ccc(Cl)cc1,-0.4055801918419559,train,C#CC(C)N(C)C(=O)Nc1ccc(Cl)cc1,C#CC(C)N(C)C(=O)Nc1ccc(Cl)cc1
Cc1cc2ccccc2cc1C,-0.7968927233263696,train,Cc1cc2ccccc2cc1C,Cc1cc2ccccc2cc1C
Clc1ccc(-c2cc(Cl)ccc2Cl)cc1,-1.5270246418277758,train,Clc1ccc(-c2cc(Cl)ccc2Cl)cc1,Clc1ccc(-c2cc(Cl)ccc2Cl)cc1
Clc1ccc(-c2cc(Cl)c(Cl)c(Cl)c2Cl)c(Cl)c1,-2.0710445026719606,train,Clc1ccc(-c2cc(Cl)c(Cl)c(Cl)c2Cl)c(Cl)c1,Clc1ccc(-c2cc(Cl)c(Cl)c(Cl)c2Cl)c(Cl)c1
N#CN=C(N)N,1.3076051594129772,train,N#CN=C(N)N,N#CN=C(N)N
O=[N+]([O-])C(Cl)(Cl)Cl,0.5011195762316856,train,O=[N+]([O-])C(Cl)(Cl)Cl,O=[N+]([O-])C(Cl)(Cl)Cl
Clc1cccc(Cl)c1-c1ccccc1,-1.030725821408519,train,Clc1cccc(Cl)c1-c1ccccc1,Clc1cccc(Cl)c1-c1ccccc1
COc1ccc(C=O)cc1,0.744496882398821,train,COc1ccc(C=O)cc1,COc1ccc(C=O)cc1
CC(=O)Nc1ccc([N+](=O)[O-])cc1,0.1708899764911802,train,CC(=O)Nc1ccc([N+](=O)[O-])cc1,CC(=O)Nc1ccc([N+](=O)[O-])cc1
CCCCCCC(=O)OCC,0.1479838770872145,train,CCCCCCC(=O)OCC,CCCCCCC(=O)OCC
CC(=O)Nc1ccc(O)cc1,0.964013668353492,train,CC(=O)Nc1ccc(O)cc1,CC(=O)Nc1ccc(O)cc1
c1ccc2[nH]ncc2c1,0.4247659115517999,valid,c1ccc2[nH]ncc2c1,c1ccc2[nH]ncc2c1
CC1(C)OC2CC3C4CCC5=CC(=O)C=CC5(C)C4(F)C(O)CC3(C)C2(C(=O)CO)O1,-0.6012364575841627,valid,CC1(C)OC2CC3C4CCC5=CC(=O)C=CC5(C)C4(F)C(O)CC3(C)C2(C(=O)CO)O1,CC1(C)OC2CC3C4CCC5=CC(=O)C=CC5(C)C4(F)C(O)CC3(C)C2(C(=O)CO)O1
Nc1nc2[nH]cnc2c(=O)[nH]1,-0.2543044936949327,valid,Nc1nc2[nH]cnc2c(=O)[nH]1,Nc1nc2[nH]cnc2c(=O)[nH]1
COC(C)=O,1.6750571706849269,train,COC(C)=O,COC(C)=O
CC12CCC3C(CCC4CC(=O)CCC43C)C1CCC2O,-0.8078685626241034,valid,CC12CCC3C(CCC4CC(=O)CCC43C)C1CCC2O,CC12CCC3C(CCC4CC(=O)CCC43C)C1CCC2O
C=CC(O)CCC,1.1739862462231776,train,C=CC(O)CCC,C=CC(O)CCC
O=C1NC(=O)C2C3C(C(O)(c4ccccc4)c4ccccn4)=CC(C3=C(c3ccccc3)c3ccccn3)C12,-0.4203737143736838,valid,O=C1NC(=O)C2C3C(C(O)(c4ccccc4)c4ccccn4)=CC(C3=C(c3ccccc3)c3ccccn3)C12,O=C1NC(=O)C2C3C(C(O)(c4ccccc4)c4ccccn4)=CC(C3=C(c3ccccc3)c3ccccn3)C12
CCCCOCCCC,0.5727011368690783,train,CCCCOCCCC,CCCCOCCCC
CCCCCCCCCCCCO,-0.8350695556663125,train,CCCCCCCCCCCCO,CCCCCCCCCCCCO
CCN1c2nc(N(C)CCO)ccc2NC(=O)c2cccnc21,-0.147886573547342,train,CCN1c2nc(N(C)CCO)ccc2NC(=O)c2cccnc21,CCN1c2nc(N(C)CCO)ccc2NC(=O)c2cccnc21
CCCC(C)(C)O,1.2217072866481058,train,CCCC(C)(C)O,CCCC(C)(C)O
Nc1nc(=O)[nH]cc1F,0.9916918717999508,train,Nc1nc(=O)[nH]cc1F,Nc1nc(=O)[nH]cc1F
CCCCOc1ccc(C(=O)OCC)c(N(CC)CC)c1,-0.3769475675869988,train,CCCCOc1ccc(C(=O)OCC)c(N(CC)CC)c1,CCCCOc1ccc(C(=O)OCC)c(N(CC)CC)c1
CCCCCC(C)(C)O,0.6347384894214854,train,CCCCCC(C)(C)O,CCCCCC(C)(C)O
Cc1c(C)c(C)c(C)c(C)c1C,-1.0402700294935052,train,Cc1c(C)c(C)c(C)c(C)c1C,Cc1c(C)c(C)c(C)c(C)c1C
Cc1ccc(C(C)C)c(O)c1,0.3961332872968428,train,Cc1ccc(C(C)C)c(O)c1,Cc1ccc(C(C)C)c(O)c1
c1cnc2ncncc2n1,1.4650845928152414,train,c1cnc2ncncc2n1,c1cnc2ncncc2n1
CCOP(=S)(OCC)Oc1ccc([N+](=O)[O-])cc1,-0.7682600990714127,train,CCOP(=S)(OCC)Oc1ccc([N+](=O)[O-])cc1,CCOP(=S)(OCC)Oc1ccc([N+](=O)[O-])cc1
C,1.026051020905899,train,C,C
c1ccc2c(c1)CCN2,0.9592415643109992,valid,c1ccc2c(c1)CCN2,c1ccc2c(c1)CCN2
O=[N+]([O-])c1cccc2ccccc12,-0.2337844463122133,train,O=[N+]([O-])c1cccc2ccccc12,O=[N+]([O-])c1cccc2ccccc12
CCC(C)C(C)=O,1.1358094138832346,train,CCC(C)C(C)=O,CCC(C)C(C)=O
Nc1nc(O)nc2nc[nH]c12,-0.1674522001215626,valid,Nc1nc(O)nc2nc[nH]c12,Nc1nc(O)nc2nc[nH]c12
O=c1oc2ccccc2c(O)c1C(CC(O)c1ccc(-c2ccc(Br)cc2)cc1)c1ccccc1,-0.6656598621578165,valid,O=c1oc2ccccc2c(O)c1C(CC(O)c1ccc(-c2ccc(Br)cc2)cc1)c1ccccc1,O=c1oc2ccccc2c(O)c1C(CC(O)c1ccc(-c2ccc(Br)cc2)cc1)c1ccccc1
C[N+](=O)[O-],1.5796150898350696,train,C[N+](=O)[O-],C[N+](=O)[O-]
CC(C)N(C(=O)SCC(Cl)=C(Cl)Cl)C(C)C,-0.8732463880062553,train,CC(C)N(C(=O)SCC(Cl)=C(Cl)Cl)C(C)C,CC(C)N(C(=O)SCC(Cl)=C(Cl)Cl)C(C)C
C=CCCC=C,0.1766165013421717,train,C=CCCC=C,C=CCCC=C
c1ccc2[nH]ccc2c1,0.7301805702713424,train,c1ccc2[nH]ccc2c1,c1ccc2[nH]ccc2c1
CC12CCC3C(CCC4=CC(=O)CCC43C)C1CCC2=O,-0.3053660069496061,valid,CC12CCC3C(CCC4=CC(=O)CCC43C)C1CCC2=O,CC12CCC3C(CCC4=CC(=O)CCC43C)C1CCC2=O
C=CCCCC,-0.085849220994935,train,C=CCCCC,C=CCCCC
Cc1cccc(C)c1NC(=O)c1cc(S(N)(=O)=O)c(Cl)cc1O,-0.3530870473745346,train,Cc1cccc(C)c1NC(=O)c1cc(S(N)(=O)=O)c(Cl)cc1O,Cc1cccc(C)c1NC(=O)c1cc(S(N)(=O)=O)c(Cl)cc1O
CCC1CCCCC1,-0.5726038333292057,train,CCC1CCCCC1,CCC1CCCCC1
CCCCCCCC(C)=O,0.2243375417671002,train,CCCCCCCC(C)=O,CCCCCCCC(C)=O
COC(=O)Nc1nc2ccc(C(=O)c3ccccc3)cc2[nH]1,-0.3960359837569702,valid,COC(=O)Nc1nc2ccc(C(=O)c3ccccc3)cc2[nH]1,COC(=O)Nc1nc2ccc(C(=O)c3ccccc3)cc2[nH]1
CC(C)OC(=O)Nc1cccc(Cl)c1,-0.1574307816323277,train,CC(C)OC(=O)Nc1cccc(Cl)c1,CC(C)OC(=O)Nc1cccc(Cl)c1
CCN1c2ncccc2C(=O)N(C)c2ccc(Cl)nc21,-0.5077032183513029,train,CCN1c2ncccc2C(=O)N(C)c2ccc(Cl)nc21,CCN1c2ncccc2C(=O)N(C)c2ccc(Cl)nc21
CNC(=O)Oc1cccc2ccccc12,-0.0829859585694394,train,CNC(=O)Oc1cccc2ccccc12,CNC(=O)Oc1cccc2ccccc12
C#C,1.5939314019625483,train,C#C,C#C
Cc1cncc(C)c1,1.636880338344984,train,Cc1cncc(C)c1,Cc1cncc(C)c1
C1=CCC=CC1,0.4724869519767284,valid,C1=CCC=CC1,C1=CCC=CC1
CCOC(=O)N(C)C(=O)CSP(=S)(OCC)OCC,0.253924586830556,train,CCOC(=O)N(C)C(=O)CSP(=S)(OCC)OCC,CCOC(=O)N(C)C(=O)CSP(=S)(OCC)OCC
CC(O)c1ccccc1,1.0165068128209134,train,CC(O)c1ccccc1,CC(O)c1ccccc1
CC(Cl)CCl,0.6920037379313996,train,CC(Cl)CCl,CC(Cl)CCl
CCCC=C(C=O)CC,0.2816027902770145,train,CCCC=C(C=O)CC,CCCC=C(C=O)CC
CCOP(=S)(OCC)SCCSCC,-0.5630596252442203,train,CCOP(=S)(OCC)SCCSCC,CCOP(=S)(OCC)SCCSCC
CC(=O)OC1(C)CCC2C3CCC4=CC(=O)CCC4(C)C3CCC21C,-1.0660393913229664,train,CC(=O)OC1(C)CCC2C3CCC4=CC(=O)CCC4(C)C3CCC21C,CC(=O)OC1(C)CCC2C3CCC4=CC(=O)CCC4(C)C3CCC21C
Clc1ccc(-c2c(Cl)cccc2Cl)cc1,-1.4745314973603545,train,Clc1ccc(-c2c(Cl)cccc2Cl)cc1,Clc1ccc(-c2c(Cl)cccc2Cl)cc1
O=C(NC(=O)c1c(F)cccc1F)Nc1ccc(Cl)cc1,-1.41726624885044,valid,O=C(NC(=O)c1c(F)cccc1F)Nc1ccc(Cl)cc1,O=C(NC(=O)c1c(F)cccc1F)Nc1ccc(Cl)cc1
Oc1cc(Cl)ccc1Oc1ccc(Cl)cc1Cl,-0.6728180182215556,train,Oc1cc(Cl)ccc1Oc1ccc(Cl)cc1Cl,Oc1cc(Cl)ccc1Oc1ccc(Cl)cc1Cl
CC(C)CCCCCOC(=O)c1ccccc1C(=O)OCCCCCC(C)C,-1.7117050682722494,train,CC(C)CCCCCOC(=O)c1ccccc1C(=O)OCCCCCC(C)C,CC(C)CCCCCOC(=O)c1ccccc1C(=O)OCCCCCC(C)C
CC12CCC(=O)C=C1CCC1C2C(O)CC2(C)C(C(=O)CO)CCC12,-0.0906213250374279,train,CC12CCC(=O)C=C1CCC1C2C(O)CC2(C)C(C(=O)CO)CCC12,CC12CCC(=O)C=C1CCC1C2C(O)CC2(C)C(C(=O)CO)CCC12
Cc1cc(C)cc(C)c1,-0.1669749897173134,train,Cc1cc(C)cc(C)c1,Cc1cc(C)cc(C)c1
CCCCCCCCOC(=O)c1ccccc1C(=O)OCCCCCCCC,-0.9853908330048374,train,CCCCCCCCOC(=O)c1ccccc1C(=O)OCCCCCCCC,CCCCCCCCOC(=O)c1ccccc1C(=O)OCCCCCCCC
CCCCCCCCCCCCCCCO,-1.5747456822527042,train,CCCCCCCCCCCCCCCO,CCCCCCCCCCCCCCCO
Clc1cccc(Cl)c1-c1c(Cl)cccc1Cl,-2.0710445026719606,train,Clc1cccc(Cl)c1-c1c(Cl)cccc1Cl,Clc1cccc(Cl)c1-c1c(Cl)cccc1Cl
CC1(C)C(=O)NC(=O)NC1=O,0.6242398605280012,train,CC1(C)C(=O)NC(=O)NC1=O,CC1(C)C(=O)NC(=O)NC1=O
CC(C)I,0.45817063984925,train,CC(C)I,CC(C)I
O=[N+]([O-])c1ccccc1[N+](=O)[O-],-0.0238118684425279,train,O=[N+]([O-])c1ccccc1[N+](=O)[O-],O=[N+]([O-])c1ccccc1[N+](=O)[O-]
CC(=O)C(C)C,1.3982751362203414,train,CC(=O)C(C)C,CC(=O)C(C)C
CCCCCCCCCCCCCCCC,-2.553027010963739,train,CCCCCCCCCCCCCCCC,CCCCCCCCCCCCCCCC
CC12CCC(CC1)C(C)(C)O2,0.6251942813364997,valid,CC12CCC(CC1)C(C)(C)O2,CC12CCC(CC1)C(C)(C)O2
Cc1cccc2sc3nncn3c12,0.4677148479342357,valid,Cc1cccc2sc3nncn3c12,Cc1cccc2sc3nncn3c12
CCCCCCC(C)=O,0.4772590560192214,train,CCCCCCC(C)=O,CCCCCCC(C)=O
CCCCCCCCC(=O)OC,-0.1574307816323277,train,CCCCCCCCC(=O)OC,CCCCCCCCC(=O)OC
Fc1ccc(F)cc1,0.5154358883591641,train,Fc1ccc(F)cc1,Fc1ccc(F)cc1
O=C1CCC(N2C(=O)c3ccccc3C2=O)C(=O)N1,0.1785253429591688,valid,O=C1CCC(N2C(=O)c3ccccc3C2=O)C(=O)N1,O=C1CCC(N2C(=O)c3ccccc3C2=O)C(=O)N1
CCCN(CCC)c1c([N+](=O)[O-])cc(C(F)(F)F)cc1[N+](=O)[O-],-1.255014711405683,train,CCCN(CCC)c1c([N+](=O)[O-])cc(C(F)(F)F)cc1[N+](=O)[O-],CCCN(CCC)c1c([N+](=O)[O-])cc(C(F)(F)F)cc1[N+](=O)[O-]
CCO,1.980471829404469,train,CCO,CCO
O=C1NC(=O)C2(CCCC2)C(=O)N1,0.334573145148685,valid,O=C1NC(=O)C2(CCCC2)C(=O)N1,O=C1NC(=O)C2(CCCC2)C(=O)N1
CCNC(=O)C(C)OC(=O)Nc1ccccc1,0.582245344954064,train,CCNC(=O)C(C)OC(=O)Nc1ccccc1,CCNC(=O)C(C)OC(=O)Nc1ccccc1
CC(C)=CC1C(C(=O)OCc2cccc(Oc3ccccc3)c2)C1(C)C,-1.045042133535998,train,CC(C)=CC1C(C(=O)OCc2cccc(Oc3ccccc3)c2)C1(C)C,CC(C)=CC1C(C(=O)OCc2cccc(Oc3ccccc3)c2)C1(C)C
CN(C)C(=O)NC1CCCCCCC1,0.3970877081053414,train,CN(C)C(=O)NC1CCCCCCC1,CN(C)C(=O)NC1CCCCCCC1
ClC1(Cl)C2(Cl)C3(Cl)C4(Cl)C(Cl)(Cl)C5(Cl)C3(Cl)C1(Cl)C5(Cl)C24Cl,-1.7894903641648825,valid,ClC1(Cl)C2(Cl)C3(Cl)C4(Cl)C(Cl)(Cl)C5(Cl)C3(Cl)C1(Cl)C5(Cl)C24Cl,ClC1(Cl)C2(Cl)C3(Cl)C4(Cl)C(Cl)(Cl)C5(Cl)C3(Cl)C1(Cl)C5(Cl)C24Cl
CCCCCCCCBr,-0.9591442607711264,train,CCCCCCCCBr,CCCCCCCCBr
CCCCNC(=O)n1c(NC(=O)OC)nc2ccccc21,-0.8746780192190031,valid,CCCCNC(=O)n1c(NC(=O)OC)nc2ccccc21,CCCCNC(=O)n1c(NC(=O)OC)nc2ccccc21
Cc1c(N(C)C)c(=O)n(-c2ccccc2)n1C,1.281835797583516,train,Cc1c(N(C)C)c(=O)n(-c2ccccc2)n1C,Cc1c(N(C)C)c(=O)n(-c2ccccc2)n1C
CCC(O)CC,1.341009887710427,train,CCC(O)CC,CCC(O)CC
Cc1ccc([N+](=O)[O-])cc1,0.2672864781495358,train,Cc1ccc([N+](=O)[O-])cc1,Cc1ccc([N+](=O)[O-])cc1
CC(C)CCCO,0.9115205238860709,train,CC(C)CCCO,CC(C)CCCO
C#CC1(O)CCC2C3CCC4=CC(=O)CCC4(O)C3CCC21C,-0.7253111626889771,train,C#CC1(O)CCC2C3CCC4=CC(=O)CCC4(O)C3CCC21C,C#CC1(O)CCC2C3CCC4=CC(=O)CCC4(O)C3CCC21C
CC(C)OC(=O)C(O)(c1ccc(Br)cc1)c1ccc(Br)cc1,-0.8971069082187194,train,CC(C)OC(=O)C(O)(c1ccc(Br)cc1)c1ccc(Br)cc1,CC(C)OC(=O)C(O)(c1ccc(Br)cc1)c1ccc(Br)cc1
Nc1cnn(-c2ccccc2)c(=O)c1Cl,0.0821288413008132,train,Nc1cnn(-c2ccccc2)c(=O)c1Cl,Nc1cnn(-c2ccccc2)c(=O)c1Cl
CCC(C)(C)O,1.5271219453676483,train,CCC(C)(C)O,CCC(C)(C)O
Cc1ccc(O)cc1,1.1071767896282776,train,Cc1ccc(O)cc1,Cc1ccc(O)cc1
CCOC=O,1.5271219453676483,train,CCOC=O,CCOC=O
CN(C)c1ccccc1,0.5392964085716284,train,CN(C)c1ccccc1,CN(C)c1ccccc1
C1CCC2CCCCC2C1,-1.021181613323534,valid,C1CCC2CCCCC2C1,C1CCC2CCCCC2C1
CCCCS,0.4152217034668142,train,CCCCS,CCCCS
c1ccc2c(c1)c1cccc3ccc4cccc2c4c31,-2.266700768414168,valid,c1ccc2c(c1)c1cccc3ccc4cccc2c4c31,c1ccc2c(c1)c1cccc3ccc4cccc2c4c31
ClC(Cl)=C(Cl)Cl,0.2434259579370716,train,ClC(Cl)=C(Cl)Cl,ClC(Cl)=C(Cl)Cl
CCC(=O)CC,1.3219214715404557,train,CCC(=O)CC,CCC(=O)CC
C=CC#N,1.5271219453676483,train,C=CC#N,C=CC#N
CC1CC2C3CC(F)C4=CC(=O)C=CC4(C)C3(F)C(O)CC2(C)C1(O)C(=O)CO,-1.2230416143209817,train,CC1CC2C3CC(F)C4=CC(=O)C=CC4(C)C3(F)C(O)CC2(C)C1(O)C(=O)CO,CC1CC2C3CC(F)C4=CC(=O)C=CC4(C)C3(F)C(O)CC2(C)C1(O)C(=O)CO
CCCCC(C)=O,1.0737720613308277,train,CCCCC(C)=O,CCCCC(C)=O
CCNc1nc(NC(C)(C)C)nc(OC)n1,-0.0901441146331785,train,CCNc1nc(NC(C)(C)C)nc(OC)n1,CCNc1nc(NC(C)(C)C)nc(OC)n1
CCCCC(C)CC,-1.006865301196055,train,CCCCC(C)CC,CCCCC(C)CC
BrCCBr,0.6538269055914568,train,BrCCBr,BrCCBr
CNC(=O)Oc1ccccc1C(C)C,0.0892869973645526,train,CNC(=O)Oc1ccccc1C(C)C,CNC(=O)Oc1ccccc1C(C)C
O=C1NCCN1c1ncc([N+](=O)[O-])s1,-0.0810771169524422,valid,O=C1NCCN1c1ncc([N+](=O)[O-])s1,O=C1NCCN1c1ncc([N+](=O)[O-])s1
c1ccc2c(c1)Cc1c-2ccc2ccccc12,-1.7322251156549682,valid,c1ccc2c(c1)Cc1c-2ccc2ccccc12,c1ccc2c(c1)Cc1c-2ccc2ccccc12
COc1ccccc1Cl,0.2816027902770145,train,COc1ccccc1Cl,COc1ccccc1Cl
COP(=S)(OC)Oc1cc(Cl)c(Br)cc1Cl,-1.45067097714789,train,COP(=S)(OC)Oc1cc(Cl)c(Br)cc1Cl,COP(=S)(OC)Oc1cc(Cl)c(Br)cc1Cl
O=C(CC(Cl)Cl)NC1=C(Cl)C(=O)c2ccccc2C1=O,-0.9448279486436482,train,O=C(CC(Cl)Cl)NC1=C(Cl)C(=O)c2ccccc2C1=O,O=C(CC(Cl)Cl)NC1=C(Cl)C(=O)c2ccccc2C1=O
Clc1ccc(C(c2ccc(Cl)cc2)C(Cl)Cl)cc1,-1.9803745258645968,train,Clc1ccc(C(c2ccc(Cl)cc2)C(Cl)Cl)cc1,Clc1ccc(C(c2ccc(Cl)cc2)C(Cl)Cl)cc1
C=CC(=O)OC,1.350554095795413,train,C=CC(=O)OC,C=CC(=O)OC
CN(C)C(=O)Nc1ccc(Oc2ccc(Cl)cc2)cc1,-0.878018492048748,train,CN(C)C(=O)Nc1ccc(Oc2ccc(Cl)cc2)cc1,CN(C)C(=O)Nc1ccc(Oc2ccc(Cl)cc2)cc1
c1ccc(N=Nc2ccccc2)cc1,-0.6680459141790628,valid,c1ccc(N=Nc2ccccc2)cc1,c1ccc(N=Nc2ccccc2)cc1
Cc1ccc(C(C)C)cc1,-0.3435428392895489,train,Cc1ccc(C(C)C)cc1,Cc1ccc(C(C)C)cc1
Oc1c(Cl)cccc1Cl,0.6013337611240355,train,Oc1c(Cl)cccc1Cl,Oc1c(Cl)cccc1Cl
OCC1OC(OC2(CO)OC(CO)C(O)C2O)C(O)C(O)C1O,1.8325366040871909,valid,OCC1OC(OC2(CO)OC(CO)C(O)C2O)C(O)C(O)C1O,OCC1OC(OC2(CO)OC(CO)C(O)C2O)C(O)C(O)C1O
OC1C(O)C(O)C(O)C(O)C1O,1.6225640262175054,train,OC1C(O)C(O)C(O)C(O)C1O,OC1C(O)C(O)C(O)C(O)C1O
Cn1c(=O)c2c(ncn2CC(O)CO)n(C)c1=O,1.3744146160078772,train,Cn1c(=O)c2c(ncn2CC(O)CO)n(C)c1=O,Cn1c(=O)c2c(ncn2CC(O)CO)n(C)c1=O
O=C(NC(CO)C(O)c1ccc([N+](=O)[O-])cc1)C(Cl)Cl,0.4481492213600148,train,O=C(NC(CO)C(O)c1ccc([N+](=O)[O-])cc1)C(Cl)Cl,O=C(NC(CO)C(O)c1ccc([N+](=O)[O-])cc1)C(Cl)Cl
CCC(O)(CC)CC,1.0499115411183633,train,CCC(O)(CC)CC,CCC(O)(CC)CC
CC12CCC3C(CCC4CC5SC5CC43C)C1CCC2O,-1.1261679022583764,valid,CC12CCC3C(CCC4CC5SC5CC43C)C1CCC2O,CC12CCC3C(CCC4CC5SC5CC43C)C1CCC2O
Brc1ccccc1Br,-0.2146960301422419,train,Brc1ccccc1Br,Brc1ccccc1Br
Oc1c(Cl)cc(Cl)cc1Cl,0.3388680387869287,train,Oc1c(Cl)cc(Cl)cc1Cl,Oc1c(Cl)cc(Cl)cc1Cl
CCCN(CCC)c1c([N+](=O)[O-])cc(S(N)(=O)=O)cc1[N+](=O)[O-],-1.006865301196055,train,CCCN(CCC)c1c([N+](=O)[O-])cc(S(N)(=O)=O)cc1[N+](=O)[O-],CCCN(CCC)c1c([N+](=O)[O-])cc(S(N)(=O)=O)cc1[N+](=O)[O-]
O=C1c2ccccc2Cc2ccccc2N1CCF,-0.8345923452620634,valid,O=C1c2ccccc2Cc2ccccc2N1CCF,O=C1c2ccccc2Cc2ccccc2N1CCF
CC(C)C(=O)C(C)C,0.835166859206185,train,CC(C)C(=O)C(C)C,CC(C)C(=O)C(C)C
CC(C)=CCC1(C(C)C)C(=O)NC(=O)NC1=O,0.2181338065118595,train,CC(C)=CCC1(C(C)C)C(=O)NC(=O)NC1=O,CC(C)=CCC1(C(C)C)C(=O)NC(=O)NC1=O
COC1=CC2OC3C=CC(O)=CC3C(=O)C2C(O)=C1,0.0511101650246097,valid,COC1=CC2OC3C=CC(O)=CC3C(=O)C2C(O)=C1,COC1=CC2OC3C=CC(O)=CC3C(=O)C2C(O)=C1
Cn1c(=O)c2c(ncn2C)n(C)c1=O,1.037504070607882,train,Cn1c(=O)c2c(ncn2C)n(C)c1=O,Cn1c(=O)c2c(ncn2C)n(C)c1=O
CC(=O)SC1CC2=CC(=O)CCC2(C)C2CCC3(C)C(CCC34CCC(=O)O4)C12,-0.5358586322020108,valid,CC(=O)SC1CC2=CC(=O)CCC2(C)C2CCC3(C)C(CCC34CCC(=O)O4)C12,CC(=O)SC1CC2=CC(=O)CCC2(C)C2CCC3(C)C(CCC34CCC(=O)O4)C12
Cc1ccc(O)cc1C,0.7969900268662423,train,Cc1ccc(O)cc1C,Cc1ccc(O)cc1C
c1ccc(Oc2ccccc2)cc1,-0.4342128160969131,train,c1ccc(Oc2ccccc2)cc1,c1ccc(Oc2ccccc2)cc1
Clc1cc(Cl)c(-c2cc(Cl)c(Cl)cc2Cl)cc1Cl,-2.6293806756436244,train,Clc1cc(Cl)c(-c2cc(Cl)c(Cl)cc2Cl)cc1Cl,Clc1cc(Cl)c(-c2cc(Cl)c(Cl)cc2Cl)cc1Cl
NC(=O)c1cccnc1,1.7466387313223195,train,NC(=O)c1cccnc1,NC(=O)c1cccnc1
Sc1ccccc1,0.4438543277217713,train,Sc1ccccc1,Sc1ccccc1
CNC(=O)Oc1cc(C)cc(C)c1,0.2238603313628508,train,CNC(=O)Oc1cc(C)cc(C)c1,CNC(=O)Oc1cc(C)cc(C)c1
ClC1=C(Cl)C2(Cl)C3C(Cl)C(Cl)CC3C1(Cl)C2(Cl)Cl,-1.81812298841984,valid,ClC1=C(Cl)C2(Cl)C3C(Cl)C(Cl)CC3C1(Cl)C2(Cl)Cl,ClC1=C(Cl)C2(Cl)C3C(Cl)C(Cl)CC3C1(Cl)C2(Cl)Cl
CSSC,0.7683574026112853,train,CSSC,CSSC
NC(=O)c1ccccc1,0.997418396650942,train,NC(=O)c1ccccc1,NC(=O)c1ccccc1
Clc1ccccc1Br,-0.0667608048249635,train,Clc1ccccc1Br,Clc1ccccc1Br
COC(=O)c1ccccc1OC1OC(COC2OCC(O)C(O)C2O)C(O)C(O)C1O,1.101450264777286,valid,COC(=O)c1ccccc1OC1OC(COC2OCC(O)C(O)C2O)C(O)C(O)C1O,COC(=O)c1ccccc1OC1OC(COC2OCC(O)C(O)C2O)C(O)C(O)C1O
CCCCC(O)CC,0.7540410904838066,train,CCCCC(O)CC,CCCCC(O)CC
CCN1c2ncccc2C(=O)Nc2c(C)cc(C)nc21,-0.7176757962209881,train,CCN1c2ncccc2C(=O)Nc2c(C)cc(C)nc21,CCN1c2ncccc2C(=O)Nc2c(C)cc(C)nc21
Oc1cc(Cl)cc(Cl)c1,0.8160784430362137,train,Oc1cc(Cl)cc(Cl)c1,Oc1cc(Cl)cc(Cl)c1
Cc1cccc2c1ccc1ccccc12,-1.3361404801280616,train,Cc1cccc2c1ccc1ccccc12,Cc1cccc2c1ccc1ccccc12
CCCCC(CC)CO,0.4486264317642643,train,CCCCC(CC)CO,CCCCC(CC)CO
CC(C)N(C(=O)SCC(Cl)=CCl)C(C)C,-0.5897834078821802,train,CC(C)N(C(=O)SCC(Cl)=CCl)C(C)C,CC(C)N(C(=O)SCC(Cl)=CCl)C(C)C
Cc1ccccc1,0.4009053913393357,train,Cc1ccccc1,Cc1ccccc1
Clc1cccc(C(Cl)(Cl)Cl)n1,-0.338770735247056,train,Clc1cccc(C(Cl)(Cl)Cl)n1,Clc1cccc(C(Cl)(Cl)Cl)n1
C1=CCCCCC1,-0.0619887007824708,valid,C1=CCCCCC1,C1=CCCCCC1
CN(C)C(=S)SSC(=S)N(C)C,-0.4055801918419559,train,CN(C)C(=S)SSC(=S)N(C)C,CN(C)C(=S)SSC(=S)N(C)C
COC1=CC(=O)CC(C)C12Oc1c(Cl)c(OC)cc(OC)c1C2=O,-0.0934845874629237,valid,COC1=CC(=O)CC(C)C12Oc1c(Cl)c(OC)cc(OC)c1C2=O,COC1=CC(=O)CC(C)C12Oc1c(Cl)c(OC)cc(OC)c1C2=O
CCCCCCCCCCO,-0.276733382694649,train,CCCCCCCCCCO,CCCCCCCCCCO
CCC(C)(C)CC,-0.5630596252442203,train,CCC(C)(C)CC,CCC(C)(C)CC
CNC(=O)C(C)SCCSP(=O)(OC)OC,2.001469087191438,train,CNC(=O)C(C)SCCSP(=O)(OC)OC,CNC(=O)C(C)SCCSP(=O)(OC)OC
Oc1cc(Cl)c(Cl)c(Cl)c1Cl,-0.0476723886549921,train,Oc1cc(Cl)c(Cl)c(Cl)c1Cl,Oc1cc(Cl)c(Cl)c(Cl)c1Cl
CCCC=O,1.4507682806877629,train,CCCC=O,CCCC=O
CC(=O)OCC(=O)C1(O)C(C)CC2C3CCC4=CC(=O)C=CC4(C)C3(F)C(O)CC21C,-0.8827905960912412,train,CC(=O)OCC(=O)C1(O)C(C)CC2C3CCC4=CC(=O)C=CC4(C)C3(F)C(O)CC21C,CC(=O)OCC(=O)C1(O)C(C)CC2C3CCC4=CC(=O)C=CC4(C)C3(F)C(O)CC21C
CCCC,0.2291096458095932,train,CCCC,CCCC
COc1ccccc1O,0.520207992401657,train,COc1ccccc1O,COc1ccccc1O
CC(=O)C1(O)CCC2C3CC(C)C4=CC(=O)C=CC4(C)C3(F)C(O)CC21C,-0.5005450622875638,train,CC(=O)C1(O)CCC2C3CC(C)C4=CC(=O)C=CC4(C)C3(F)C(O)CC21C,CC(=O)C1(O)CCC2C3CC(C)C4=CC(=O)C=CC4(C)C3(F)C(O)CC21C
ClC(Cl)C(Cl)(Cl)Cl,0.2147933336821145,train,ClC(Cl)C(Cl)(Cl)Cl,ClC(Cl)C(Cl)(Cl)Cl
CCOC(=O)c1ccccc1C(=O)OCC,0.3340959347444358,train,CCOC(=O)c1ccccc1C(=O)OCC,CCOC(=O)c1ccccc1C(=O)OCC
CC(C)CO,1.503261425155184,train,CC(C)CO,CC(C)CO
CC(C)Cc1ccccc1,-0.5105664807767988,train,CC(C)Cc1ccccc1,CC(C)Cc1ccccc1
ICI,0.3388680387869287,train,ICI,ICI
CCCC(O)CCC,0.7874458187812566,train,CCCC(O)CCC,CCCC(O)CCC
CCCCCOC(C)=O,0.5536127206991069,train,CCCCCOC(C)=O,CCCCCOC(C)=O
Oc1c(Cl)c(Cl)cc(Cl)c1Cl,-0.1526586775898349,train,Oc1c(Cl)c(Cl)cc(Cl)c1Cl,Oc1c(Cl)c(Cl)cc(Cl)c1Cl
CCCc1ccccc1,-0.1526586775898349,train,CCCc1ccccc1,CCCc1ccccc1
FC(F)(Cl)C(F)(F)Cl,0.1479838770872145,train,FC(F)(Cl)C(F)(F)Cl,FC(F)(Cl)C(F)(F)Cl
CC=CC=O,1.6082477140900269,train,CC=CC=O,CC=CC=O
CN(C)C(=O)N(C)C,1.9041181647245835,train,CN(C)C(=O)N(C)C,CN(C)C(=O)N(C)C
Cc1cc(C)c(C)cc1C,-0.7348553707739626,train,Cc1cc(C)c(C)cc1C,Cc1cc(C)c(C)cc1C
C#CC1(OC(C)=O)CCC2C3CCC4=CC(=O)CCC4C3CCC21C,-0.8350695556663125,train,C#CC1(OC(C)=O)CCC2C3CCC4=CC(=O)CCC4C3CCC21C,C#CC1(OC(C)=O)CCC2C3CCC4=CC(=O)CCC4C3CCC21C
CCOP(=S)(OCC)N1C(=O)c2ccccc2C1=O,-0.1431144695048492,train,CCOP(=S)(OCC)N1C(=O)c2ccccc2C1=O,CCOP(=S)(OCC)N1C(=O)c2ccccc2C1=O
O=C(Nc1ccccc1)c1ccccc1O,-0.2576449665246775,train,O=C(Nc1ccccc1)c1ccccc1O,O=C(Nc1ccccc1)c1ccccc1O
C=C(Cl)CSC(=S)N(CC)CC,-0.1622028856748206,train,C=C(Cl)CSC(=S)N(CC)CC,C=C(Cl)CSC(=S)N(CC)CC
CCCl,0.9496973562260136,train,CCCl,CCCl
CC(=O)Nc1cc(NS(=O)(=O)C(F)(F)F)c(C)cc1C,-0.0906213250374279,train,CC(=O)Nc1cc(NS(=O)(=O)C(F)(F)F)c(C)cc1C,CC(=O)Nc1cc(NS(=O)(=O)C(F)(F)F)c(C)cc1C
O=C(C=CC=Cc1ccc2c(c1)OCO2)N1CCCCC1,-0.1956076139722705,valid,O=C(C=CC=Cc1ccc2c(c1)OCO2)N1CCCCC1,O=C(C=CC=Cc1ccc2c(c1)OCO2)N1CCCCC1
C/C=C\CC,0.2434259579370716,train,C/C=C\CC,C/C=C\CC
CNC(=O)ON=C(CSC)C(C)(C)C,0.6824595298464139,train,CNC(=O)ON=C(CSC)C(C)(C)C,CNC(=O)ON=C(CSC)C(C)(C)C
O=C1NC(=O)C2(CCCCCCC2)C(=O)N1,0.0324989592588875,valid,O=C1NC(=O)C2(CCCCCCC2)C(=O)N1,O=C1NC(=O)C2(CCCCCCC2)C(=O)N1
CNC(=O)Oc1cc(C(C)(C)C)cc(C(C)(C)C)c1,-0.567831729286713,train,CNC(=O)Oc1cc(C(C)(C)C)cc(C(C)(C)C)c1,CNC(=O)Oc1cc(C(C)(C)C)cc(C(C)(C)C)c1
O=C1CC(c2ccc(O)c(O)c2)Oc2cc(O)cc(O)c21,-0.2719612786521562,valid,O=C1CC(c2ccc(O)c(O)c2)Oc2cc(O)cc(O)c21,O=C1CC(c2ccc(O)c(O)c2)Oc2cc(O)cc(O)c21
O=C(c1ccccc1)c1ccccc1,-0.0333560765275137,valid,O=C(c1ccccc1)c1ccccc1,O=C(c1ccccc1)c1ccccc1
CCCCCCCCCCCCCCCCCCCC,-2.444223038794902,train,CCCCCCCCCCCCCCCCCCCC,CCCCCCCCCCCCCCCCCCCC
c1ccc(NNc2ccccc2)cc1,0.0620860043223433,valid,c1ccc(NNc2ccccc2)cc1,c1ccc(NNc2ccccc2)cc1
CCC(CC)CO,0.8972042117585922,train,CCC(CC)CO,CCC(CC)CO
Oc1ccncc1,1.9422949970645265,train,Oc1ccncc1,Oc1ccncc1
Cl/C=C\Cl,0.835166859206185,train,Cl/C=C\Cl,Cl/C=C\Cl
CC1CCCC1,-0.1192539492923848,train,CC1CCCC1,CC1CCCC1
CC(C)CC(C)O,1.0737720613308277,train,CC(C)CC(C)O,CC(C)CC(C)O
Cc1ccc2c(c1)C(=O)N(C)c1cc(N)ccc1O2,-0.4189420831609359,train,Cc1ccc2c(c1)C(=O)N(C)c1cc(N)ccc1O2,Cc1ccc2c(c1)C(=O)N(C)c1cc(N)ccc1O2
CC(C)(C)CO,1.2646562230305416,train,CC(C)(C)CO,CC(C)(C)CO
CC(C)(C)C(=O)C(Oc1ccc(Cl)cc1)n1cncn1,-0.2671891746096632,valid,CC(C)(C)C(=O)C(Oc1ccc(Cl)cc1)n1cncn1,CC(C)(C)C(=O)C(Oc1ccc(Cl)cc1)n1cncn1
Cc1cc(C(=O)NNCc2ccccc2)no1,0.2811255798727652,valid,Cc1cc(C(=O)NNCc2ccccc2)no1,Cc1cc(C(=O)NNCc2ccccc2)no1
C=CC,0.9401531481410278,train,C=CC,C=CC
Oc1ccc(Cl)cc1Cc1cc(Cl)ccc1O,-0.430872343267168,train,Oc1ccc(Cl)cc1Cc1cc(Cl)ccc1O,Oc1ccc(Cl)cc1Cc1cc(Cl)ccc1O
CCOC(=O)Nc1cccc(OC(=O)Nc2ccccc2)c1,-0.7548982077524324,valid,CCOC(=O)Nc1cccc(OC(=O)Nc2ccccc2)c1,CCOC(=O)Nc1cccc(OC(=O)Nc2ccccc2)c1
O=C1c2ccccc2C(=O)c2ccccc21,-1.021181613323534,valid,O=C1c2ccccc2C(=O)c2ccccc21,O=C1c2ccccc2C(=O)c2ccccc21
CCCCCCC(C)O,0.45817063984925,train,CCCCCCC(C)O,CCCCCCC(C)O
CC1=C(C(=O)Nc2ccccc2)S(=O)(=O)CCO1,0.3670234526376364,valid,CC1=C(C(=O)Nc2ccccc2)S(=O)(=O)CCO1,CC1=C(C(=O)Nc2ccccc2)S(=O)(=O)CCO1
CCCCc1ccccc1,-0.4819338565218414,train,CCCCc1ccccc1,CCCCc1ccccc1
O=C1NC(=O)C(=O)N1,1.2646562230305416,valid,O=C1NC(=O)C(=O)N1,O=C1NC(=O)C(=O)N1
COP(=S)(OC)Oc1ccc(Sc2ccc(OP(=S)(OC)OC)cc2)cc1,-1.520820906572535,valid,COP(=S)(OC)Oc1ccc(Sc2ccc(OP(=S)(OC)OC)cc2)cc1,COP(=S)(OC)Oc1ccc(Sc2ccc(OP(=S)(OC)OC)cc2)cc1
NS(=O)(=O)c1cc(C2(O)NC(=O)c3ccccc32)ccc1Cl,-0.191312720334027,valid,NS(=O)(=O)c1cc(C2(O)NC(=O)c3ccccc32)ccc1Cl,NS(=O)(=O)c1cc(C2(O)NC(=O)c3ccccc32)ccc1Cl
CC(=O)OCC(C)C,0.8781157955886207,train,CC(=O)OCC(C)C,CC(=O)OCC(C)C
CC(C)C(C)(C)C,-0.6250969777966272,train,CC(C)C(C)(C)C,CC(C)C(C)(C)C
Clc1ccc(-c2c(Cl)cc(Cl)c(Cl)c2Cl)c(Cl)c1Cl,-2.199891311819268,train,Clc1ccc(-c2c(Cl)cc(Cl)c(Cl)c2Cl)c(Cl)c1Cl,Clc1ccc(-c2c(Cl)cc(Cl)c(Cl)c2Cl)c(Cl)c1Cl
N#Cc1ccccc1C#N,0.3197796226169573,train,N#Cc1ccccc1C#N,N#Cc1ccccc1C#N
Cc1cccc([N+](=O)[O-])c1,0.2911469983620002,train,Cc1cccc([N+](=O)[O-])c1,Cc1cccc([N+](=O)[O-])c1
FC(F)(F)C(Cl)Br,0.6395105934639783,train,FC(F)(F)C(Cl)Br,FC(F)(F)C(Cl)Br
CNC(=O)ON=C(SC)C(=O)N(C)C,1.5061246875806795,train,CNC(=O)ON=C(SC)C(=O)N(C)C,CNC(=O)ON=C(SC)C(=O)N(C)C
CCSCCSP(=S)(OC)OC,-0.0195169748042844,train,CCSCCSP(=S)(OC)OC,CCSCCSP(=S)(OC)OC
CCC(C)C,-0.0619887007824708,train,CCC(C)C,CCC(C)C
COP(=O)(OC)OC(=CCl)c1cc(Cl)c(Cl)cc1Cl,-0.7024050632850114,train,COP(=O)(OC)OC(=CCl)c1cc(Cl)c(Cl)cc1Cl,COP(=O)(OC)OC(=CCl)c1cc(Cl)c(Cl)cc1Cl
